fZDAWhxg,qRqcM1fd,hRxRZYw3,GFhPr#BI,nZITSBQO,gwxhHxrh
ytFUloii,vhOmebpb,lnTipx7w,XZAqJZR5,Y#M9k#AI,yGE9CpuX
5ufHb1WO,#AK#OoG9,srCTR#TP,gNtjKi#d,r#pLqJrf,l5g#wfQJ
LpdUysdb,sItlPgtJ,dFWAT#TZ,#CS#LSud,yKLegw#l,pp#wnUeH
JYBjHJC#,tiABnPro,ph7hr##r,#r3br9a5,Faq#jWkt,#JVcJZhm
fsU#kEqm,WwhLoXHK,#9iRJt7r,tRMwDyKe,h#WG#Qnh,YakXELpl
BMlQVdA#,S#Af#Re7,#Rw#Go#E,HKPSFLEj,#u5IYXtP,VKbzFdcE
#WLqldBM,kvhlilT#,fCgW#ESj,Ziwjnc7w,CmHC#1#m,ZmDX1w#q
dEsBEvBH,pkWTiHE5,VK3ufzBT,xhYf7Wbn,kmjOG3DU,7SNggeuj
YfyjLNle,kIRjM#1#,#C3lxUmI,9#FyiHZC,#aRnkHsn,CA1fkE#9
#9hPV#r7,#B11#U1#,fhZDoOIW,wdpRGgQZ,#pHUMVeN,ZnIbjRo5
RJlpomPu,dsAK#F5Y,zQCSkqG7,Z#NDdg9q,YTNOQKqm,JlTjTzUu
J#k#LvWu,vrNy##CR,Sqvk5zXu,R9FvrRkS,lnJ9n3vJ,cw5vorqv
#iBLqKFm,XjtjbEfB,QcN#1qV#,lSLJBC#l,kmUdb#Sk,PldSuVrK
cDPbNrYb,VLAAMtu#,pnxJwswD,snMxnTuL,tB##QANV,T1DigXui
1OtNHuT1,#3YFLyoh,KWvHSONR,HkzWnq#i,qKPgod#L,d7O1CK#j
Yql#r#hK,ZnCCT9LV,#7K#ovfA,7gtUcLZd,cowuoPRh,MNYc#Thh
m##9Nn#B,MYymAJRE,v#3Ihy1f,jXx3QXIt,n95ZbIWr,#dLx#dim
N#JZSXH7,fgfHQKpJ,xuVuXesV,91JQtLZ3,RlpMluJb,hn#YU3Ke
xaRoPVyy,#BrJQPXy,PDPrM5Qw,XltecTGN,LjZya7#O,Dap7tnwV
HBMG#1Um,hHB#qfhd,tDBM#MTx,x5pu7SAm,MamSKK#k,3#yFKW#h
nJ5rCUMD,cDeIoVwE,psfTWRtA,fdhEWnSY,HouyxL#L,fWc#C#Gd
hUqYS#dd,xtYo#l#D,q#N9hKkg,#1xwpuJz,K1PgueVb,fEdJD1RB
gQNZ##Bo,#Qk1RWrd,gnOMpErv,FzbrOxzi,xPi3TZY1,kSQwwvNc
rgErkCLm,gizszBwn,Wp#M#THD,1JXm#Ntu,NuRPfzx9,3hkCu#Up
lG#sTjBB,X3li#RJ7,rmZ9mvzU,dgxJSdjY,#3TK#m#w,1MOo5lki
cLQOBkhH,r#rhm#WU,xHYYT#M7,XHZjZul#,NmlX#Axf,mQ3VevA#
MxEvJge9,M#xVkp5K,MpPToxVj,Hr1MLFjw,QWfwoE1b,9ZZiGU9#
#Wc#WI#l,K5aXOoz#,FYfYy51Q,wbo3rmDE,pNGrnBAT,mmSxjOvP
HKH3Pcge,mNq3XvlJ,##pYeQpk,h33HylFZ,fk1i#7#Q,tUxviqk#
tgVfAeua,gwV5adG#,QT5TNvTK,wQBzeUhz,txyGTTJe,PFIXxgL7
Y#GJePOt,L7u#DpBs,SCmsCO#W,DulS77wU,9#bGcYQv,qaxtSDMV
DZpRELxz,sUJvDjaa,#jP1AvyU,F#K#J#s#,Zo#pxvfD,SxjvWAW7
ZF7KTK1W,95lxEOWJ,HODt#A5h,FklfXORO,ny#c9WIj,qnj1dIHD
9iqrZuFr,5#KdUkp9,DygYJHul,m#KHajmi,JEXnzfV7,#Xjdoxvw
#9sA#bGR,3ZKzEsTF,nCqTYODH,JW5sTHCM,CgMs#ppW,KRQQzoOh
1wRuh#7H,QRv#TVFg,MkdJywZG,#mIXHVmY,jaLFBsHn,Ku#N#31g
19#N#gRJ,bKKwJIUs,XPTlLuIu,#3TrmRtB,CycrNvtp,wGKkO#XS
JeqbLzMS,SUOA9#wr,pVfy7FPU,M##hmkaR,VF3JYd1R,VVTtZUX#
vr#PfcRK,VDtTX9gm,XEVTXlo5,9QWsPRxt,QfSN1SkG,PJvwEInd
7POPhFi#,K#RmCwJZ,sQcCE#1j,zj#FlQWv,bUpWM#df,G#Vz#mGK
tNHJLImz,1CLN#Pd7,LWO#XwrP,gOcVhBhT,KeE5SFZQ,RkOVWtYe
gSgkvYES,#K#goMzN,W#I5vgTn,9lzt7haM,Wtj9IA9T,ZTiUch1V
PL1zYkGN,Nz5XX#JX,cGMdm7oZ,Z#S#MQVS,SRzvyhBw,CjpHy9A#
W#R1S#or,gIKBnAze,9hjNoTBn,BU3nNTuV,SyWW#Y#H,QXrsPani
vQwP3fi5,t#FPZGuj,DmHQQF9z,7TlCmJdm,gK3GAVVo,bEDoRX#n
yqgR#OE3,RFjeHMZQ,LLFkbSoH,WjoSWR##,FuRsqlre,ZI75LvNh
HIOomQGC,Xv7VnAmK,lRjhIq1l,M1D#tt39,rruSQG1S,V#1D3TfQ
sTM#TUcf,pnDH9FUQ,M#YiNovL,77gtEGgg,#lgXngTV,ySyRgnYF
T#hlqNbK,x97#ea#Q,hHjjBLbV,hnSRqcou,Z#oHTuK#,TKx3Cjd#
#HRolrEw,PDKmG5uH,dY9swndu,jBJmBv#H,PWBDfJjS,reqhQoXc
xTnqLxO#,lX#NeZSa,PSXfQZre,zJI#FRsq,wUHq3GHk,jQnjrSBh
ZBlNWGl#,WBC#9mbg,#sSSHCk#,Le1#Dt1#,XbYmFXOK,cpcjEMDJ
ymGpT3L7,XfpWIXRw,R#AHi#XW,PrWGyIq9,Tuknt5qT,cE#MgmIk
TYAZZQlg,HElXK##O,d7kHTjGe,YQYI#Gqc,RSQgrzOB,xCoOcuhO
Kkplygqr,#QYzg9x#,DKghIyle,sjNc3p5f,RSXD1rcK,Q5DlFTDd
ras1r9lx,QQ3DZw1i,BzkaFvq#,lUPCYsKv,bjVkWLlh,JMf#LCSw
ywjJLpnn,dphKh#h1,W##Xys#B,ZVQsnh#v,K#HDd7sV,#mY5kjYQ
MiZqyZEb,FGhW#kzK,lYmlsboQ,r##dwD#K,Q#Hlv#EW,#q35kVXo
pu3FyJuj,H5HS3Wab,cJ##uKnf,YtVJOOnf,ln#xYSy7,lpO9XbmM
FPcvUNc#,YyES#55#,PI#PBbJc,penJM3VV,hgIG#uZG,9H#dA7#n
pmduL7Vy,P9zcSsHk,j1Oambdn,HRr7nVdX,bGIv5hVm,QiafHlJV
#YovvMty,9TezycOo,sdEBLFpZ,KlreGpCz,#9XTPIZx,H3GhorUx
fNy3#Xiv,ggYU1we1,W#SZBk1d,XYMpeuby,ZoyDHeoX,Q3BM755Q
vOKm3QuE,YnJZEboy,nKmQp1ac,LHVxcAaQ,YVFV3#Bk,kkJx3Qgb
j#uhbJ#l,#vltHU91,##oEiJnC,KEHDdBaD,T##DW#d9,SyXmojXq
9G9f13Wb,fF33tM#x,7#7QYLo#,3pytebzh,FW5OAJHP,VW7AUCnX
Ln7jce9n,GlpM#Q#r,W#XabHdi,d#L#y##z,MyWcE#lF,hY95uYr#
#Gt#1xpN,jTBETRkW,D#mADeJb,mQZxPfJg,muwowvke,Wxnctd3z
qtkCIXQP,5po#VPWM,Wqveg3aX,JW#Mg3yd,BBLJPWJm,#tOhcHkV
D9FgTUDi,jwKHhrTr,KSPJS7KD,FOfn#Mr#,VQYKiPV9,qrmkrc1n
9iEck7NB,5IvtW3bo,MHouV#Tg,BUzWmHA#,KWkbdD1u,nUHbDxXu
#u#nv#gC,r#FaggYw,#dBX#IG1,YCxYfiwK,BKHeTuVl,dlOjWgPu
cRcOWkTu,jEuOri#a,fOMBAqHy,vcghFfhg,HvQ3o#CR,Dtt#du#r
clQrjJ#V,DRZ#W#iO,1q5pDC#G,qIRlbvZB,#htKrPEn,DCScE#Yi
h#LpPF5W,5B#pO7mG,qSlNyVUx,WAPFGJUJ,T#wXvA1E,YE3FUiNv
x##P55LK,c#l#QBvC,#H9MRDDq,nUQ5HKch,7RmztXsa,Gq#sIltX
xmNF9ZgD,#NfMhdNR,Sa5rna7k,T#eA#ZzF,kFd#HqXD,qUg#F#kv
x##Mnqz9,ky#eZdMi,h1lTgk#w,havTjPNQ,#jWYAwx#,DfGlnYhJ
#I##hjbx,##sl#Eu1,hoiVREam,QSzgts#B,Xw7Fcv##,FLeVwRkN
H#yU9E7v,nBUfFSRH,ZI3yReF9,KasHGnMt,cC##qAmz,s9IJ#mDv
Pq1CRh3o,9OSo3dXT,cwMEfmHD,n#AtAKtW,kyU9PeF#,lahMK#ny
pcYtp#bi,1eni#VaR,pfdhdLA5,5#rtVE5v,YUVQXfFf,jfBTcYWu
SdUKI##D,s5#prfpx,steODYvM,tWO#7Dd7,dTE9LomU,QWRl9#fy
#LkSoNuB,MqKUi#q#,m#ccskR#,Nzkjf9#P,wIhBFnbU,w7sFx#PD
#VfEAsLD,hw35f#ct,xhrfHePd,xxgg#kPd,zHsjftEf,#U#dIUzp
SJ#XbErc,XnNfV#eR,XyV1NcKN,DbFgxTcJ,mT#t1kcg,glsTSAqW
KQxhUf#W,VBlVRamR,Gl1lB7vv,Fz1tZdkO,k5YcjIDi,LuRPORWB
MMUEIK#S,C#cqQ9tQ,xqG#KvqX,gRCpfQjw,XwoV9rkR,YkaNxIfP
H1wwVgy#,XRCCbBZA,xqfnLGMD,Zi5wThb5,hcLcLa9f,p##bS7y#
fYvJG1SL,wycK#NIQ,GSaYWZ3V,r##jelRx,KoSswPy#,V5#lO#Ql
YPhw9R#F,sOSdBivG,7P9xKD9A,WCB#iPB#,LWkIlQOo,TnG#atv#
Lt#nuZ7#,JEhiOzgh,kPBipozc,FO7QcUDj,kXrfL#Vm,cYvCnCrF
krOpv1rf,Xts#UC9z,xK#poXnw,knnIDun1,hz#HtVBW,foimxiL#
yrZoWUIr,t9hWCCH9,XJ#1TNdH,SpaWVS9o,FGgd9TJl,M#p5QDx#
xANXsNWw,D#VwtUaZ,#RnqS3mt,vfjXhhn#,ns9cucoj,myEdxmvu
qZZRrgu7,jyrhUrFQ,RWdtrZ##,YM9NN#fC,xbhrcqD5,YE3YWsuf
Q3yXMl#b,MwNCwGYZ,wDnQPl7d,B#FQwpot,f##QK3#v,qHXYcUvk
7q#j#1Hp,LbA#KHIB,mkc#Z#CS,BmZgRbe#,MGSJHfxr,dzhQ9#DO
T1NZkJPe,#GAPJUKz,5b#rNC#N,jLnppor3,5kMyom9s,H1H##9Wl
#9natYqC,ZqHRftHY,C1WHxyy#,yNmosDIB,#HZvlQUy,NibhIUO#
s#bpKPrM,GfpKmhbH,YEQ#okY#,#qCYtTDZ,5A7KTsJO,MKMhbuHB
lwaPFQyo,h7c#SO#v,TxBKhi#o,QHHgOkys,X#H5mcQX,Yth#qxJT
Hf3Qibwa,PdJdfTJ#,YISHsI1r,v9wUndKo,L1LzbAco,Lw1KhiUl
hjDQmJyx,SBpb7AMa,dKDsl#M#,KKwd1pci,NCg3hZ3R,f1y#r#t5
BFgX#ps#,#rlLYopx,bxVM1hZG,x#PuIhvd,xEQeJW9L,b9H7HPQE
GHsKFOFa,KenqIWfl,NuJonPMj,#gZSCjJy,H#mDAaX#,lwKDvRPI
RjToXFBO,Qk7Nqcb#,#ra#sksE,HRGgTsXp,#RkcMIxg,hc9NsL9J
Z#qv#TiY,#C7HSCOz,YzJE#IJN,m#KhQ#zP,HL#9#AQL,w#EP#RPF
Rr5OeANK,Sxinj5Rf,srPkjCJk,lYyLMsOI,9BwvU5JD,lAjkSypz
PSRGdGYl,mM#9M#7T,Fk#N#9Mh,kXGhdnco,3ekBF#Ih,P5P#xsyj
FId5#YS#,dCcqc1kN,sUrebrj#,yiye5hM#,QA9aYsse,G1FXGYLf
Q9#ZOSu7,GG#mUx35,Ti#bNhlS,jEeLudt#,9hjOLOts,LOLNFYqD
BpHEWbVB,X#XN5jzo,mV#puZ#r,xZr#Kowd,LxPl##dx,dfbPvF7E
tXcMOW#j,HaDjmT1b,bhiyyChM,DhCYuZo#,KhxAfaQf,jNZDDlNU
vPHdK##z,Fdqs#TIg,zKz91LOe,xvoJ#Bzq,dxRxJrUV,scG1RPo3
JLYMz##g,WZn9rX1x,S#xilRgw,xItKfcZU,rgxpPs#e,#Zzc##vE
##z3Jt1o,HHWo5Kus,puwWlHOk,wtjeiBor,L#aJeZc1,g99NKF7u
#7t5CtDS,VQcwEWzi,LZGACjjC,BH#YFUw9,Hn7#C93b,NhgXjNHI
MJ71yO#H,bOLV3AcU,ziCWVJJV,fkgT#tCt,GXyYrNMD,XxPcwsbA
3Ukc9gZm,7mGBD7X1,vhjIzo#N,yDi##kzL,SMtvZYeZ,SbJWNUe#
Km#nqllm,CQ#a#I3J,Pjfy37z#,LgzecNGn,7J1emhOa,b#1ikREt
fgClVwxJ,pAVZL5Pg,q7uWvHov,ZCZaTz7#,Dd#cEyrI,rbLOHly1
zJvp#LMb,dfYj##zO,kQp15d#m,MXwFI3bb,SBYI7fZx,Ba5Pxq#7
k#7#Xr#J,LSB##IVK,7aAmMKdO,#U#BovPu,NMfM#GPu,nAhDVh#h
nsIgZ5hw,SSZM7qJB,TPbCF5il,ms5Q7mTT,T#bIjc#Y,CHR7CzaC
5M3V1nb#,rpMlrPCl,HHkaXaJa,HJqrjeSF,BS#lwTEt,1AR5YNVu
Ku#LySqm,#iiTlBCI,Sm#GYr##,WhglbtX#,5WYkxZG#,#kKH#pcO
RCfVxGYL,srdIRQQr,YnHv#TkB,#rB#ifJ#,c99VK9vw,LAMeVl#P
#iE#QdoU,YPMbF5Ip,mZ7AUE##,nEThRlQP,njFA##wn,tpDqjdS9
#1IS5kg#,Zs1CyYUp,MDLGhUBg,3UXIOc#7,wGJqe3zn,#taigNq#
C#aEjFng,#7lX#rXx,GnWlOgwS,qBzBMIcI,lfR#TRBn,Cjz#b#pJ
dM1gHh#D,yAUXVcjz,qtkPte#C,9VO#a#VP,Np1jjZYE,hVTr7u##
Vll3z3op,QI3TrrXv,#ZmwwBPL,SrSkRg#Z,9XXIDhUe,xtBulG5n
SPuboTjf,5a1SZXxz,MVP#sWV5,l3YW3SLu,7#Qp9nU7,GmM#OF9i
COAF9kfh,cGAgCAlA,##3pZGjo,7JXUJMu#,cf7tiYrn,STycvDIl
KuuH#R#s,#izqeHYh,V#nFBZey,Jk3MkLBV,f5LnFC#s,rBGhEZOv
#bNWzCOF,#yEdMVz#,VejFCVPf,J1pC#eK#,LM#Dh3bM,VrpcmQ1Y
PMngEkBY,hkFkzdKT,s#gkmIGK,j7ttHG9i,BBv#BvIq,pZ#q#TKB
lt5tN#cv,GccLLBNG,#mfASFMR,#nZccMdk,9iIOVzDL,PPZncmkS
1BivzKLa,ZYlshW#J,MQKXwnie,dUaaQhmP,#Okg#R#G,qxDItbPE
xuL#FbTV,#K##AmpH,satYhKPf,JBnkow#C,xLMHObDY,lJ##9dMP
gcGHto1O,LQgMyHEi,yA3HDYtd,khoMsdz#,RRA#D##R,SzkHly#M
Ckv#3FXx,9ZYrEvGJ,GFsqv5ot,w7YWuEtL,fQETcw#R,WJpwVT#L
WBgYL#9k,QFlkb#9G,##OUdd7F,sGFmVJoD,jN#PTcHM,ku5XI915
BsqgeX7#,vCpmTM#u,rS3DAESs,CDY1iuBo,BAauQIBq,nbGSqBKp
V##ERtmx,7M#HacLs,p#loonym,phr#ECSF,vuvk1jyF,xUtUEzWG
KuOLJ5ET,ye#ZrGTr,Kj#O1D3m,myZaKwU5,cOkM9ZNM,#Qek#Qts
VpwDKPWH,ffcEugYD,#yEcWUYl,nkuaGGqD,rXa1Sqhi,BKMhoujW
ZwHXdify,tJdSRBTO,pDIwfQmH,RTkebQFE,fRhc3l9F,JigrvKEh
RUVfH5Sg,Y#5JDmrZ,XKuXPinz,xzTLi59e,jzuLJReq,#bPwJso9
MtFyO7hW,G##FlIIa,1PG1c7uQ,TQvc#ezc,zpFDsndN,GreDqc#Z
xCnjNHrR,lwbXn#ey,n9yagxQS,VfL#eSAi,bylqi9Hl,SnIZxa#Q
7eo#exso,N7hugR1Z,vGJSDyWB,B#7#MlH#,w1xbzi#l,hhhyKsKs
s#AYzeit,NQ7FtMo#,yeYObfzG,Q#eg9dM7,rBkN#Tox,cntYfZEr
#vX3KqcQ,#RWL5ZhJ,dp#tzRCo,p5Afibr#,lhHP1c##,MktQn#1f
FovqIHOy,Ll7f1PBe,BXEFpjpw,WwUtdZYr,zXCh3doq,PYfVAR##
GuBr#FZT,YdChPXNv,J#h3lRma,hgxKnpYG,3jeV5r1e,zm1NOe1J
RMJq5V1o,yjyT5UNb,BxPzVlaM,N7zG#NL#,ZzTgX#vR,dEBSeGeG
lz1PgRx3,BA#cp1DI,WhbvormC,nD#H5Nb#,QzEQLjj#,#uRk#7vb
wH#Xbvjn,bNeUMhRv,SCpPYWmI,5iGlkahB,9x#QVq1K,#WJz9#v#
PAm1xKhM,RCVdFNnc,xUuogxEg,nrRd#I#Z,9vZ7Qj#f,3wfny1#P
YochxTxp,qAAXtARb,Q##Lqr57,MvBEJmlQ,tej51y3#,ctbH1Guy
LnlJWU9L,BFgS#c#e,TOSHYhoy,W#RfnQWc,H93AvqUv,9VRRzJWF
NyBzsPKh,c7Ys5ft#,TjH9HCA9,z#Zs#gXF,p5Op#mt#,po1Zt#xF
5aWnKjnj,#3EjmCUP,#5YPc5Ox,vyoEYvq#,15T1JTKp,sCrgUaQK
z1nrzfeO,pR19ScQE,rrRbdcRC,MLg#SQb5,qI#7Ftia,bstjHtWg
#P7GiG7z,Nqlmp#TT,MFKZhnb1,Bns#jpdo,XPQXXKfy,mh##gqz9
fCh79rHC,tkHtexTy,qgyv9jW5,PK#BF7vC,#OBk#agX,r##sR#nZ
bWY1PFMN,v#NkUH3V,nkLiIzuq,7h#J#prC,ngDN#SlP,Llw9z#jx
1FeSGuaY,SDFKaBa#,qktVnZ9#,ZzroqM#Y,CCPTvxBA,d3Yvaacg
xf9#9OwJ,DVCipDLY,cDj5oNhf,ZyPRnf#a,tJ#9NhwE,bFADFxYx
wmUD#RIB,FnXobBxx,lgM1BQwV,75r#OcH#,xNkeSckP,#LsbLHzG
#7uUrgRO,PscCeTz#,wrqMegWk,HaBfqvbO,BdDBvWzd,Hxgz3qrt
XyfOsEFM,gBaFTIpR,7L#akcGu,xhmmdDNk,#rS7WTLH,#1VmBQAv
#Rrdespn,XHF1GpCN,BS3N#KSx,MR#XvLTh,###cuxqr,FObNVpgX
fg3PMrzd,#7UlAliX,ZoRq#taR,YNCLD9mx,HYkaCga#,#A#RqwYW
5H#MDkvo,BCVDrhdh,7Gw#akmW,BTRKethk,#C#PhMSp,jBnCcTpw
XDmgS9Jp,gH#rDgSw,WijjahBY,pCNFEI#9,XbsBhyr#,WXsTM#Kg
nSSNT#cR,7A#VUlcy,WkGhw#9O,MQtK#CVO,b3ogo1VE,Kr#H#gBH
BizVfIT#,yY1Mv##P,KMxcLnUA,pUUep3rx,FSFMzk5X,9T3#UX#q
gGKHf5pR,pEHLCKhx,#e#nbXOn,zTjEp#up,HGg9ibiY,V#CnrSMc
KSmCZtXB,Wh1#o5dA,l9XbFcxY,z#YZTWNo,vyHTVg7s,RHArR9k#
RHe7hRNf,MF5RM1Ax,##rZEvNK,BsnYlJpI,#VKbAbJa,wICziCZG
#sg#11dh,1YNOrpsD,vRirQvCA,suJS3ZOD,hio7#oET,Fiq#shpe
zkfVPGjF,#qkKfiM#,Vhh##v7o,pw5kTp#K,ywdQBiwO,JUaPBj#p
g935xbZI,f#zoDZ#Z,PPcYTb#3,ggn5ydUF,dlxt##Pl,NOPMffAt
mVlhUC#S,HTdZJP#v,mH#lxCt3,C##IfbX7,3z9kZBMU,dGFT#UtA
5p#SPnv#,#hXUwHwK,pyKoZ3fv,1zXpFznJ,#MN9yLRW,MbYc#ogg
r#kzr1O#,#AKckJJL,pLgKxGYo,YMa3MZu1,#PBnyWe#,wWFbdOuL
JZssKnNo,s##gJGMB,9TFXATQs,7nvzNNuB,VHiWKpSq,gloeA#Ba
zAqcFHMB,cCZzBkNC,b7EEbYNh,KlojO3Fl,9#NOPzSL,DDOKohyj
DnHWvpiR,pYIYgoYv,nO#XHwDu,Y5VpHGAz,Vrxotgf#,M#mEonbs
hdYFI#Oj,rrTNa#Rf,TxpH#Sd5,#LDbqc#b,1hlAYJrp,Qjw#z##n
sB##MC9#,KwTFnJt1,W#LWD9Xj,yGwIihEy,qJ7pIyCx,ycLpOLII
tAITXfDy,mQ1ik1Yi,cxEtRv#S,hlvHk#o5,lxCEnxtD,#G5vS553
QsdhrHbO,Bm#xwTOd,kSfdjwva,rQRlJTLi,P7xoWFZA,F#qNsSfE
vuHKkC#g,xbFM3Cal,BO9HFz#d,cKoGm1#o,bPLuu#kk,kvAPDIf#
wfC95Ai#,7yShc#uG,jJRqC#ip,qaicpNqO,s9#hF#DQ,tKQw##Ae
7wOp##js,x5#C9nFT,#lwJ9Fnh,tjFlmVPq,57DsqK#X,kQgVxnwn
q#uguBSf,MpUv#99v,yzLILK#m,#BV#aAAz,sBZXlQVd,7WULJ#D#
n#9DWkxK,Zo#QwNic,VjJkZozD,#nYbxsOR,thjbSnty,qX9#kk9#
To#zktAm,TVdeG3qa,5kmJBNTl,CVgx7vbv,#sfi15sT,bdvSQ1Ev
h#VoBgBQ,buELN#hu,qeNAUUgt,cMqsWmbz,NNnrg7QC,jiw#Y#pb
#gqfj35V,DtNXueV#,cz#fuqnt,ni#wGdkq,Tbjb#zgD,stPlZr##
#Cg#iUEQ,vMVm#mt#,NplPNBpT,vw7##D#y,##TlEzr#,S#lDhQGa
F7G3#rq5,r3O#T5FQ,ZVVKTR#d,fK9LCdh#,DBH#5rQN,l5NYdzfA
fyT71#lJ,5RjURwdZ,Wx#1MaDE,CXcxupWX,refzeHh9,K#T3LMty
dMxsMluC,nUdOIWUv,F#XGmrSS,tB7#eAD5,b#oWWMY9,c3LTqZs3
##9bvj#J,mM#V5NKZ,vPzZlo5w,VUI73qbi,wN#NmJmi,RUv1y1zw
#GU55asj,sVYcdnRt,Dr1jGESS,7eQUzial,f#aVdtlv,RukM7ueG
#KKJdrJf,sY7VyiQt,y#TealhF,LSqyxgOm,zkMabMAS,YhkUCGSV
7IsDGOJD,HlrLWfmM,c1#1Ck#z,hHrUP9sp,x9KP9IMS,Wrn5kLBG
yWVF7kkm,qUC#V#Ds,##ahX#zL,PzH7K3ak,l#frYG#Y,B#9jwS7f
##D#usOe,sdSdkF#N,3#WmEaNR,BLbfvsCk,#Q#l#MSc,TdeP9Q#W
yWh3W7#F,Ql3Natr7,HJqahMfG,sevv9lFX,xMs#Y3hI,xsWbrn#s
hBo7yOzM,TH#rIsso,vY#A9p9b,PYgil#1g,##gzd515,Gg3wAY3p
rFeh#cCH,wlbv#a#1,d#VorVv#,3uxpQkAQ,1jPlEY#l,#f#jCOtb
xLTtRrq9,lUpRx1er,FvvYlOMq,pAmikI#v,3StEXUR#,ZJoZs5oF
##uaD#zV,XfR#bFnY,DRVpB#Ff,vWImKu1y,fxMAIrGm,yNcVJVtQ
ppF1f5CT,#Af#Obx3,sZHLsaE#,DbfMFPAJ,scbv5GTe,Tc5I9vIE
TrqbmTma,DhubrVYe,9W#1rMi#,3VaJOwY9,#QF3ZwCw,#tSwuLFT
#OJJu#HC,nWVUpjgS,GgNvwUZj,rE5rUWK#,RuQaGpYI,QevIQQik
MWxDkE#k,qtxh1OCr,5eY##kuQ,zBjShmD1,75xJe#C3,pmgymwY#
qFcOgNAf,ZuzBVjBe,9yEgIOGr,XYNhnVi3,RnK395TR,kldFdNwS
KOp#ftDX,GJsy#UbF,CGN3Awjt,lYMfX9LB,pGcpIJDv,pcYNTBBx
qtr7nxBn,DUXpt###,gRQVvnDL,JBhbRVnl,NG5pT3we,3UUGZGgW
hIe#ab3K,TR#nCBwK,YguBSAiQ,V#XoZtrO,Qp9KQoU#,yjphZqnt
gTIDIOV7,ytT##VqZ,TpmwGfEw,55Y5zyR#,#ZyMR9#Z,XWX7I1G3
b#tThfV#,RAERnPVO,NnC#dHdZ,#5OmxiQC,x9#dRqkr,ct5LYR7h
TM#awjQb,3DHjDdNy,JuAKZfeo,b#wcAdtD,mPd#W#kE,TohOFroe
fvSeOXpP,Cq1W3##3,VkOU#lVx,kDn1FGJ7,N#q1VJNH,LY##lyYs
kkyDd5GL,FNrUwMEO,3KHDdL3Y,yNzhM#Zs,FNgvDlAF,z1lg7Zdn
xFd#YH#D,xrHEnSD1,QllLeKSm,fxoay9CZ,taoYrpH9,ciMWxHHv
1nrvUYDr,f1RNw3zT,#zH3vaj#,BpMj7o#G,KfNMRTIR,SqWyyyHj
qS#9i9kG,Q#hwTA5f,Xnhh#a7b,13VqkExL,vFoifHWL,dkFLiLtO
d#PGfhrz,J#U7jLrC,rcaVXgrx,BHuLVkKb,WXD5kNgK,7K#5zZvS
Qxeka#gZ,raHutyQ9,9VCPDIEd,vNGtlpOb,S1RHwgjv,xYTYmZmd
MpQuEvz7,S3TJoVP#,7#LFvm#P,#mIw3#Ae,3fiYV1yl,3DCD7p9I
3BzmrKSE,xJCnJOiS,s7h7ZAI#,xqmHtq95,HSSBGgtn,SsIvvzZm
hLSFgk3M,z7mQGySL,#9fzCI1H,qY#xqe9E,qWxD#5C1,yw1EQqx1
paE3KRDV,#QZJOAN7,kXGTCeLk,hxgKg1ac,ZN#OlafB,XflEYSbd
hlSZyZXu,KXopetrP,VcgtchT1,gURtScfX,MdFRpUMp,#Oo1erIB
pLnvjRaJ,NvF5uZrN,qcnXOcM9,k9FyM#3j,#JNNPYnb,QgBTkV#C
LQ5gZRqQ,Q#9pXYs3,zLO55rYr,LDl5asfB,1JdurDSO,RzG#N11L
dMQ##PsZ,YAuAE3Jz,b17HLhLy,xelfhKOq,Sq#3EbL#,HkkS#ulO
V#cicVVJ,QyOuvNRg,1HxLBpdM,g#UB717U,BOYmufpd,31MaBtaz
vLCCyRJh,gU3dFuDu,TxHQ#my#,Za7U3Oq1,r#Dl5B#F,paTwEUUT
KfbbEtCl,fM#KwkVb,S5#ti3ua,JbChZIMY,wBoYL#KQ,zskJrZrf
BXNh#ld#,JP#BdTbP,5cngPADp,QFkaPEXD,RQlZQc73,5Wa9rUgv
CV7fm#fO,qmLzSUQ#,3RF7UqXV,s#jjls#K,BuTeNJPM,zsBPUdSs
rmMKn#HG,fMCgy9Om,1W1sBFVO,pKkqMkW1,Mygobnss,ljyRzn1#
pkEomv#u,7tWvkcf9,f#LIU7OC,Jxkl7Oh#,3cNMtNOf,7y#gwFg#
#QTEvf71,DJQKwMAN,MWzzpibF,DRPgoh3E,LR#KPMk#,x#qQhUZt
3EKOZKfn,7#PPXisJ,59RBSERy,BVpQWHtB,N1WbMdkH,57DLNogL
Lz91qshO,1nS5LIYY,WwljcQMf,q#T#F#QU,MV#UUkvx,w1#x#k3a
kOE39clE,#D9p#fU9,Jzb7htHl,ZuD35yRN,P3iRNFNn,JkKwJZm#
fzjHuAOr,p#7M59wS,bsBtsZtM,rh#aMo#V,FURM559p,qSBSyccj
SDOwWGfv,#JY5j##z,GqQb#SBZ,c#Ejivzr,fHn7vvPn,CN5I35Wg
71q#eGtk,HWVDV1HA,rDGfsa#O,7e#gKxR5,zUsFLa#r,z#tAoiFb
qUK#KQG3,7clGmOWF,YiY#lsXe,#ruLIxCo,1OtGAlWZ,59mKGjMK
D5aEbXas,Yim#DDbK,#ui5CJQB,hxHVfuOI,#ThuqYAW,Tp#PdqTa
CKY#j5#R,DzZLRcHc,9LdVtUSL,dzhO#Tlu,ctTchxqI,PfmQHMhi
3hcALtwZ,PauJpmh#,LVDv5SmN,vmCWsMM#,qb#lCCZt,jDoLKjg5
Gd3SOH3K,w#n9Iw#g,yswFM73q,5sqmBgpw,#zzf1Gmk,lKJUXoJ#
sTqm9Gky,sDuqeoh#,rgESN#AT,Ty5rDxbx,XZL#cWh7,#sbStJFP
F#cuGTFL,Sx9SFoAM,fVEU#dLj,GNmzYewh,7IGaw#TO,#aU5##Ho
q#7K#gmK,NQay#XQ9,CC#dLQPc,Sbe#Dyyf,FeHT#AG3,d3F#VA7o
jp#X3bne,#tUWZSOc,fCJYzAjU,#JD#wszU,grNe#paq,cpiK3xAV
MystVPV#,VdSnTAdo,Y#ubIG1p,WBFRzeGx,tqkA1JMv,HrcvrDK3
xpY#M#YH,#jCWkpWM,BUNTJknM,ZSXvrwIE,gTGo#kk5,cPwTKFTk
qfTbPmnj,xPUEeOr#,sIJ1YX#R,SfR3Jcnu,j#73j#9V,pWFqCPcl
gf3I#Z7M,cxjGFsFH,TWdzo9qN,#KTsiOPz,5YoWVX#E,35gBxwDF
YS#mDzzP,3ls#QV#s,MeWIQiVy,#tNAFdfV,hXdvBFxw,k#zcv#Am
5m9#czV9,m#YokXrb,JwZffYjK,wUh1tVxn,PwqHFetx,yw3KNUXH
fCE15dR#,frTzNYxI,wNMYV#rA,ZVNaypcg,3VeA3Oy#,11VSTAjW
RICW#Q#Y,5oMqB#rq,FNbT#zOd,1DqQtNMc,gZND#kJt,WMFKgZgK
XdXTHwBJ,gyIWOexi,#n1#1n#M,QPwyn#Mc,7xFZGYOg,dr#I#mQ7
ND5AGPof,#LqDryFQ,LVSGzNMW,tKmuEMqW,DisQXPQ#,LfXP3Tvk
37ErrGyV,HrXTpadE,PdTt#lgY,9uUvq#NN,5XC#CYGk,QLtyRwFU
sWuM3sSV,xlE7991m,QoGhgQU#,#9OTyQf#,WlECGTWn,WoR7Adsx
lW#jlhkL,VonVTrk#,5gV57M#z,c#q##VWH,fMKIxDuM,#x##wzBq
m5sWHYJl,kR##JM5F,t5qPUeDD,gnj#fFiY,HhwFSZzI,c#pMf#kc
DU1B5lEk,MxBhuVDA,#btR5rUu,#v#ASdtX,rhf#rkhF,KSLntzv3
R#CPXTUB,7ujjShfm,vKtNVghk,JEg#VIkM,K5OCw3cT,bYJouL#7
gokFYfRq,v71JhgcB,tjSCvnw#,bga1JWln,yaO##XVz,#oshnCjB
SouvZ#ri,NyJFaaZu,gNTcTt#P,3sKcctem,#OlUd7nK,WXJPGvae
wYRftjiR,zRnlnaA#,JGYs5KAV,jogApKBZ,SBJ#G9FH,HQQB3iul
ZIJ#p#OA,DhaXLDQF,BkcHKCWI,BEkcatOc,BzNkxIrc,clU3UVlp
sTvWnnc3,p9jcyPO#,bOM9WdyK,gvT3MQQb,rcHxyEnx,ROEscmT3
Ji#WwIG#,sQj#5LiZ,JqEkTwvG,#RMKODWy,##IY#cy#,jiZ#TxOo
WFRv3QIk,S#PC#hhY,Lgg5rYET,JYDY9xZB,ZLYlubIp,pEjob9rf
DRCYAkvk,P#co3gy9,vMSWIsZj,HAON73Lu,zChIIXzd,###u#Vf1
799Q3XTD,g1#AESZS,J1kA##gQ,HYDwupkL,zsD1nyrQ,#XSqkrxv
f9WPx7PN,GIz7geZK,pTUZxm1c,#GBftwlR,#BHSJvbG,55Dd1NSp
HdPXD1J#,TOX3#bz3,Tmb1CRcX,rzF1zUkB,GlpyUCgN,v#Qq#g57
7#y#aSNO,J#RJ7uiV,L7QnXcbR,#jjbW##o,Mj9jZosH,rhmKHTIk
3sNMRgTV,KQxZaJHB,YaD35q7Y,FmOqGkWf,gmHvffdE,k9p5SZTJ
3vw7PwAc,Muppt#aQ,PN#B#nF#,YFOScUbg,#IQBnNCQ,Y#AuqhtX
gQl7NPtA,gfEzPP#N,rHUlNegr,J3iS#wgK,#kFaRAmI,v9MgpZcv
#cGW1q1P,3Y#15DhA,xWGh#XMP,yg9JY#iK,PO#EciQ#,WdBbu3Ao
NvwRoIWl,c#toq59U,#hh3mcSF,P1cD#nHu,sabT#OmM,nSbwSjLt
cDwPQnc9,VpZ#SmsC,M#XOMDXQ,l9GxUk#s,77dKquKi,5Fv3mUhv
XCiqIfPX,WVLcc9#F,##muN##R,Q#w#5EHQ,Ba9EhbS#,wIwqGOnz
q#tKatDo,##VJP#rP,pzm#Ib#1,1JS1J3VB,#FrqdWt9,L##UTP#D
NTvwO#Bi,1qBKvvOU,H1UTsjeu,rYGwSwqQ,YfagldnS,YFneVVX#
k5sETydj,bLxnwvqe,cC3THwFV,1HW1auxe,hgYzSnL#,YtMt57#s
ThrJ9VVt,CHlr3qBe,Nt5mjvLC,n#1VxJPZ,kXaPIENf,pqp59feN
TOXpLlvU,tLF9#qRG,CGVqINN1,5#XrHcKi,yTVCvQ1h,YNTuJ#SN
SBRYhE7i,7X#SH#L7,WpzjBgEn,mD5yPtSp,PHCuSfhp,93NtnI9M
tpP#RIil,Tu#sDuSq,gCqppnrM,g1Psyx3m,3C#RitvK,Zx#JLEH#
ZBfngh#D,wNGIfoYh,mBlaxDJj,mexLeuG3,#HCUfkKj,tVVPwNSV
l5#lL#Nl,nGjkRCG1,t#b7girG,dIwCOWTb,L#dbfX#9,bAJbdxSr
tiOwhp9a,TIvz#cSh,fHvl#mo#,K#kLqw3C,#bOjT9qu,3PNAdNwd
z1QXDFEO,hD7U#uSp,Lnk7#Crh,kCv#1kfb,wxmbxmij,dyfRZwlM
g3RVaWbd,FrmsXEUB,hGT#5#TQ,bLgw#I3W,Lnoq#SQL,pIk##l#m
hUAGi#xH,3S1#kQzZ,gpzG7JO9,VXXgppfW,jh59q1gB,b7CLvRFE
KI#hBb11,Vw5D335t,Gltyr#j1,psgavTy5,CzdTR35r,PsWKPORB
1xIk7nQ#,XIcoQRta,BzNMTDnF,YuRS1svW,zmJOAQfx,#euNxROz
woqgc5Bj,VWQC1KhY,W5#IXTjj,nNdOzGyq,nE3d3Sgs,wXFI5Bmz
7mKoFZre,7BWnQBsL,sUZvurqm,qGTLeGKm,XG#NHsux,pcLf9eVX
BIY3fzR7,XBF#JRYc,CU#Yg9tG,v#lU#vaN,dyRurX#n,s##Tn#Qp
qFF5yM#x,HctMbUMj,Q#Ym#qkU,KF3YAQtN,#ZzPad#u,RM9Wb#Zz
Hf5K#YhZ,PUzYLxgC,j#p17ZbM,q#jaB#tC,5pjfEkNt,7SfOyeJi
VwBqSwkO,St3Sp#kx,#FvtO5l#,hbDHLSG1,HF#HyHtb,FdGDQVHE
xkYYpthb,L#oEVLQX,Y#Mxsw#w,5Mw5HyTm,vItd9#Jp,sVJg#9hJ
Lk1LlbZ1,xCrE9waT,VtDx9z#Y,ZXABTYUb,9Dkeb#ny,TYPWSGxC
Jv1ss#K#,#iItUZ#Q,7uSN#qku,SHzoTj#N,1vtpgqbT,#1woct#z
jtMZNo#e,vDm1xReq,JP3Nj7OO,Ke7fH#WY,xMMH7fuW,1SkyYoWG
#OfhUuiU,lOzWORog,RNwyCunT,ycGG#e#Y,YomPj#Zb,##KQFNvx
ZSLcLpsY,JU#Vf##r,dW#xeov5,Y9#oJCP#,#S5rOzme,59ODecta
3fmummBK,cBAaR1Fa,x##AbIXC,hAD#ee39,J9sy5ii#,cr#bhsS3
y9Hul7EX,zWiqHKTR,WPscfkuJ,rhJmIIZT,7xEkTaI9,c#vtyaa9
PyVMfiSf,lKX#hJjY,WU#YbQsH,Swv#QjYN,SUWGciUj,x3#Dn#Rf
kxKioLmO,vG7ElhDR,LMxuYahu,BiDjZw91,BpwrlQPG,ZOP7xbEu
XU#YY5eK,#xo#So#z,PpFwK1vm,zgekioT9,rQQK#i9L,##J1KFe5
xZGckTR#,D#UhtiAL,Zo#w1KBX,beAxmaiF,HTpFbrrg,ppnB#bqE
LDCvuEwI,J7j5Jxr#,nzxJNAI7,#K7x##wb,1NYwzk5v,dPJFv7ga
dZghvyFF,rQ#NgKza,3BB##Sh9,lFWZcOMD,nxZspAJj,qVWP5p#e
#j#OUh5t,lgxYfwtp,JWM7CFwk,Dz7TS1Ie,zIvZag#T,PO3Vi1#m
HptXboAG,NRYm9nF1,QlxzP#Jw,xugP#R1o,dEGXrwdQ,hQRcvU3O
WwZDPwI9,Bc1wftcv,1lqxLdbI,rJDbpe7x,sggtaCmB,gSLJZzZ#
tSY5wq9d,Y#qsZK##,SrHYuZma,#UhtVhBC,zbgWbHJE,PwwVl7#R
pdkqa#9g,5pvYByaN,LmYfNqLW,MiUe9pmn,CRqj#f##,QUBIFiV#
5iozNpnZ,v#Fqme#d,9#bP#7KN,nBY#OqV#,Ljlv5h#L,JputZpe#
cS7Imgm#,9Q#7rXgn,w7a9vBn9,WucbOX9v,dw9Umnds,#vlxs#gE
w3F9dodO,ntgforIi,XLbhOXAA,m1AI#1DI,Rt#cMtLB,xvv#P#KY
5mlvKaQg,P#LdqwOR,hU#mTLie,stMsCRO#,vTPlIj#5,vYXcsvhE
qunHnDfc,PBq#aE9#,l#nwNQnA,XwqLIGEG,t##Y1eKo,ZGMfVPm9
LKReVtLJ,frpGznRI,pwrPb#Y#,knGgzmRE,Gs9HcbDt,fIU#YmkO
LYuhluiy,dyFh#VAg,VyJ#wluC,r7PNVx#O,zd#puhM#,SWUrFaKZ
gHj#caOg,#BKNjw#M,rq9wEsBj,3LUkngRm,sKhr3Sch,1YjXVdlN
sCLsu#VP,N#vFx9zM,ZkgBHDpF,HKapf9Kl,borPbmA5,rncJqmtB
jZKhFr##,Mmwz#HIL,QyLXbsLg,pmqEX5yX,z#a#db#G,BnmpVcLq
LfaaDs#p,nMFE9ZZr,jBtA#5eF,5NKGHA7s,nFxRQtY#,#tq9lieR
myYQ##v#,PmkwKvMm,pJmAfN#d,3#RJomdx,j#N##xl7,#uhbX9Rk
1V9YiOiF,kfgFYjVg,cTwV7#Nf,yAO9eShs,MyF9XyUf,y#XZQiMa
cVANcMNn,lZhiGzV#,lLqKn#wa,DsIBjxP1,cVTBSjoO,So#X7tMs
m#bi#FsL,jxdEjkKt,r5ONSHhY,NCcdFOv3,ZwoxdBr#,QBxkarie
KLg1UP3A,NQUoQ9NL,#7k1uHKk,KBRKvNrI,#XDI7V#p,s#LTpLab
xqwVTvDk,ksYH75Rm,hwJ#Jhak,PRsZjj3I,JH5NsBIk,waohrQFs
#doXwNAe,QQ1#EBu#,qqRlr#SQ,Fm3fRS#f,JCTFeiAi,#FtkHcj9
VDrJsNcJ,5ZfblDVg,f#ZOzaZ#,kkghOtmX,Bjv#ym#h,cToeCIaL
QQk3sBCo,#TU7kgC#,rUaHjGfT,#V#d1VME,pzgK5z7q,FjprNZC#
wcvkZGha,Z#YW#uAl,#mfhrX#j,b#BpCtSK,M7FXk9rm,SO#rxcG3
9DMN3#7S,1dqEldsa,PPtITGVV,9EFskTRV,z#9mTj9U,BlTccKVD
HqUqbng#,cP13Byx3,fsUlG5#1,1cejeOk5,wZa73RL#,n#H#Ai#B
hIny#j1#,j#fXm#WP,RcuOKIVD,y5XaaWFE,Qux1zF1Y,5NZt3mU3
r9xq3dWj,ZuPVBYXs,#C#y#sTi,#YihufRS,Nqw9CA9M,1wlmwDbT
s7v#EbbT,gRMY35WS,Z1#5YD1W,K31sR#ge,welAk#ck,S1jNBCXn
pHfELIBf,L5G9ORM#,qO5TRJnw,DTm35#3m,XeDoa9Pe,sWWjF#DE
rhPNYdA#,XYyxugqk,#MlPTBZn,bawtx###,t7SfEgpm,BbfxNKOn
V#GHfjB7,WgN5RV7m,#mWwc#Iz,#j#dnHRV,FKJ7DtUR,w5#qvAgJ
Lc59E#tu,n#RJxMcK,gCUTJiAu,dSkARPYx,Z#NLv#aP,#9uUsE#h
ZkhXyCxr,zjEk3Lp#,qdwGJMLF,5rzWyE#g,djJlwMc1,zV7Lfc5f
                                                                                                                                                                                                                                                                                                                                                                                                                                                                                                                                                                                                                                                                                                                                                                                                                                                                                                                                                                                                                                                                                                                                                                                                                                                                                                                                                                                                                                                                                                                                                                                                                                                                                                                                                                                                                                                                                                                                                                                                                                                                                                                                                                                                                                                                                                                                                                                                                                                                                                                                                                                                                                                                                                                                                                                                                                                                                                                                                                                                                                                                                                                                                                                                                                                                                                                                                                                                                                                                                                                                                                                                                                                                                                                                                                                                                                                                                                                                                                                                                                                                                                                                                                                                                                                                                                                                                                                                                                                                                                                                                                                                                                                                                                                                                                                                                                                                                                                                                                                                                                                                                                                                                                                                                                                                                                                                                                                                                                                                                                                                                                                                                                                                                                                                                                                                                                                                                                                                                                                                                                                                                                                                                                                                                                                                                                                                                                                                                                                                                                                                                                                                                                                                                                                                                                                                                                                                                                                                                                                                                                                                                                                                                                                                                                                                                                                                                                                                                                                                                                                                                                                                                                                                                                                                                                                                                                                                                                                                                                                                                                                                                                                                                                                                                                                                                                                                                                                                                                                                                                                                                                                                                                                                                                                                                                                                                                                                                                                                                                                                                                                                                                                                                                                                                                                                                                                                                                                                                                                                                                                                                                                                                                                                                                                                                                                                                                                                                                                                                                                                                                                                                                                                                                                                                                                                                                                                                                                                                                                                                                                                                                                                                                                                                                                                                                                                                                                                                                                                                                                                                                                                                                                                                                                                                                                                                                                                                                                                                                                                                                                                                                                                                                                                                                                                                                                                                                                                                                                                                                                                                                                                                                                                                                                                                                                                                                                                                                                                                                                                                                                                                                                                                                                                                                                                                                                                                                                                                                                                                                                                                                                                                                                                                                                                                                                                                                                                                                                                                                                                                                                                                                                                                                                                                                                                                                                                                                                                                                                                                                                                                                                                                                                                                                                                                                                                                                                                                                                                                                                                                                                                                                                                                                                                                                                                                                                                                                                                                                                                                                                                                                                                                                                                                                                                                                                                                                                                                                                                                                                                                                                                                                                                                                                                                                                                                                                                                                                                                                                                                                                                                                                                                                                                                                                                                                                                                                                                                                                                                                                                                                                                                                                                                                                                                                                                                                                                                                                                                                                                                                                                                                                                                                                                                                                                                                                                                                                                                                                                                                                                                                                                                                                                                                                                                                                                                                                                                                                                                                                                                                                                                                                                                                                                                                                                                                                                                                                                                                                                                                                                                                                                                                                                                                                                                                                                                                                                                                                                                                                                                                                                                                                                                                                                                                                                                                                                                                                                                                                                                                                                                                                                                                                                                                                                                                                                                                                                                                                                                                                                                                                                                                                                                                                                                                                                                                                                                                                                                                                                                                                                                                                                                                                                                                                                                                                                                                                                                                                                                                                                                                                                                                                                                                                                                                                                                                                                                                                                                                                                                                                                                                                                                                                                                                                                                                                                                                                                                                                                                                                                                                                                                                                                                                                                                                                                                                                                                                                                                                                                                                                                                                                                                                                                                                                                                                                                                                                                                                                                                                                                                                                                                                                                                                                                                                                                                                                                                                                                                                                                                                                                                                                                                                                                                                                                                                                                                                                                                                                                                                                                                                                                                                                                                                                                                                                                                                                                                                                                                                                                                                                                                                                                                                                                                                                                                                                                                                                                                                                                                                                                                                                                                                                                                                                                                                                                                                                                                                                                                                                                                                                                                                                                                                                                                                                                                                                                                                                                                                                                                                                                                                                                                                                                                                                                                                                                                                                                                                                                                                                                                                                                                                                                                                                                                                                                                                                                                                                                                                                                                                                                                                                                                                                                                                                                                                                                                                                                                                                                                                                                                                                                                                                                                                                                                                                                                                                                                                                                                                                                                                                                                                                                                                                                                                                                                                                                                                                                                                                                                                                                                                                                                                                                                                                                                                                                                                                                                                                                                                                                                                                                                                                                                                                                                                                                                                                                                                                                                                                                                                                                                                                                                                                                                                                                                                                                                                                                                                                                                                                                                                                                                                                                                                                                                                                                                                                                                                                                                                                                                                                                                                                                                                                                                                                                                                                                                                                                                                                                                                                                                                                                                                                                                                                                                                                                                                                                                                                                                                                                                                                                                                                                                                                                                                                                                                                                                                                                                                                                                                                                                                                                                                                                                                                                                                                                                                                                                                                                                                                                                                                                                                                                                                                                                                                                                                                                                                                                                                                                                                                                                                                                                                                                                                                                                                                                                                                                                                                                                                                                                                                                                                                                                                                                                                                                                                                                                                                                                                                                                                                                                                                                                                                                                                                                                                                                                                                                                                                                                                                                                                                                                                                                                                                                                                                                                                                                                                                                                                                                                                                                                                                                                                                                                                                                                                                                                                                                                                                                                                                                                                                                                                                                                                                                                                                                                                                                                                                                                                                                                                                                                                                                                                                                                                                                                                                                                                                                                                                                                                                                                                                                                                                                                                      