5PN2qmWq,BlQ9wQj9,9nsQzldV,I5ZuGXbE,WRK5RhRX,dCdG5nG5
azdNMK66,MuCV6GXi,5xr84P2R,391UXaLH,bavJvFZG,fO47XWS2
qVOw5lxu,BEBNue7b,9PZS0hoI,6pgabi9U,OuSpM2Tl,h01vOzwv
SikHFswu,zleht6xG,botuQQgm,O6GkdAqw,edXNRRad,bLMZROaA
fZDAWhxg,qRqcM1fd,hRxRZYw3,GFhPr6BI,nZITSBQO,gwxhHxrh
ytFUloii,vhOmebpb,lnTipx7w,XZAqJZR5,Y4M9k8AI,yGE9CpuX
kn1XvnFt,tynI1Mgu,okYDeWl5,noesnB4m,h19PM6Dp,h2Nh722A
ggBfUKJE,dmm09Z1u,FII2PNfT,dMjJFB59,lvpzORCP,O4yy5dZ4
yR2nIGRw,H4cYCroO,Rc958dBi,kjYDvOcF,EzUEcMGN,uUgtShrd
NIwenrKH,e3wXIoqL,f5wyihrX,UKPqBV6C,nbV3qbB5,80J4Frwx
5ufHb1WO,8AK6OoG9,srCTR2TP,gNtjKi6d,r2pLqJrf,l5g8wfQJ
LpdUysdb,sItlPgtJ,dFWAT0TZ,8CS6LSud,yKLegw2l,pp0wnUeH
kbOkq49T,iNXwEkRt,FwXosRt1,ppttVm7h,h1yBOrKj,4wdwQfPW
JYBjHJC4,tiABnPro,ph7hr28r,0r3br9a5,Faq0jWkt,6JVcJZhm
nvkMetnU,TTTKwXLW,VIgLxA7V,Suh4aMiL,lABuNbP2,eJ2iVhtZ
BNao7LlK,eBJje5Ul,0fVQ9Uy7,yswksDRt,j0DS51lu,6AcNnLIw
JmDzYC5O,pkOMawQS,o9ZHPHpX,N6AZXvJM,HdbQy9ek,dfXorDIo
fsU6kEqm,WwhLoXHK,49iRJt7r,tRMwDyKe,h2WG4Qnh,YakXELpl
AzACK0vf,cydE54ZU,cRV55ktD,tEzrpWXR,wslVYACx,UPGhAkSl
BMlQVdA6,S4Af4Re7,6Rw2Go6E,HKPSFLEj,6u5IYXtP,VKbzFdcE
sqrwmJ1s,FQLN4lgL,nhbzcKd7,uucE9jrW,sRw3y5L0,5DIIWDsC
MUU5LZeK,HNbYXy6F,Qacon9yr,SOjc0426,A0ETHn7p,u7Hw4yud
2WLqldBM,kvhlilT6,fCgW8ESj,Ziwjnc7w,CmHC816m,ZmDX1w0q
hjZC90e6,s83M9mx1,urN3GjSr,anp1VPNw,EsQLfi6j,yYwsVaGQ
hWSBWPa3,EgY2cqBO,I9aB3YH5,VqvfBbrI,IUycgHlG,tPSuxREn
dEsBEvBH,pkWTiHE5,VK3ufzBT,xhYf7Wbn,kmjOG3DU,7SNggeuj
YfyjLNle,kIRjM812,4C3lxUmI,90FyiHZC,2aRnkHsn,CA1fkE49
pDdaZGtF,LF0AIB9f,UO8icEzh,p593RvAQ,LhUfM9kv,ehSraUFd
ayHgyLxV,OOUsTGJA,hTsI6S6l,vG8T1EIV,YLDINDDv,t8k2k9eL
tOkz8uRA,myUv6jrU,acHfxAZi,tw2E6hBD,uhCJxnax,6RRq1vKR
pHo8YTnU,IFxDfXeT,SDGQtM27,SmjL0naF,MqcQ3ETs,YKbDbrBe
Ijp9LAn0,77EyiXFQ,36AvkRy0,oZhRgJ0k,Hh8Ml7kZ,GxHVlISf
Ra209zmS,lTPcSRWP,wpOlrYyY,i7Dc9CZM,b8GvB5eh,ih7cGHQ8
29hPV6r7,6B118U14,fhZDoOIW,wdpRGgQZ,4pHUMVeN,ZnIbjRo5
BYp6mHhX,4TFe6A1x,a7m8rQBO,y4mmO6Th,TBYUcJjb,sKfy99zX
wtjdXrZR,LqAWL3w4,VCUdlxt1,X0NgsCWD,5Pz3ZxOE,OQtLZK3x
BEN0kwx4,Ayfve8f5,BVBwuI7F,mlHPhX4x,odzjLWqi,5iWxhFzd
dVewBeg3,LaL68CBt,3MMiatai,kWBMkUFP,GcyeyBge,IV7gv1pl
RJlpomPu,dsAK8F5Y,zQCSkqG7,Z6NDdg9q,YTNOQKqm,JlTjTzUu
Nbidum4q,DTppbK4O,H1xDmy6U,ElG85clU,So1L7cKg,fOX8Beyw
J4k2LvWu,vrNy84CR,Sqvk5zXu,R9FvrRkS,lnJ9n3vJ,cw5vorqv
hmcmPKQp,pGZanHc3,SGuTXf1r,UUORpRGM,JL1SNQ0w,UkYn6cnB
8iBLqKFm,XjtjbEfB,QcN81qV4,lSLJBC4l,kmUdb2Sk,PldSuVrK
cDPbNrYb,VLAAMtu6,pnxJwswD,snMxnTuL,tB00QANV,T1DigXui
1OtNHuT1,43YFLyoh,KWvHSONR,HkzWnq2i,qKPgod8L,d7O1CK0j
Yql8r8hK,ZnCCT9LV,27K2ovfA,7gtUcLZd,cowuoPRh,MNYc2Thh
Tmg8vrtQ,Ug9Z4dn9,oirYbXyi,O0bwkCPq,2Hs2oMF4,IKlKmNcM
m009Nn6B,MYymAJRE,v63Ihy1f,jXx3QXIt,n95ZbIWr,4dLx2dim
7UPHOxTQ,oZnn3H7y,3SuSAQoD,FxFLoRY4,tzZjhaBn,ng14pBry
p686qg31,oRI8AFVM,wvnKHynB,JYINKHV2,7tNP20PZ,tqUnGAaD
VksSOXrc,qVahybF3,8Wh2QP6m,UnfEwpd8,KSnbX1a5,UfoibCy7
1lwyuRX9,1XhUORvC,OGCptoTH,0Kn7X5lr,tpphrgnc,JVX82LZi
ItmEeRMG,quS8GuRb,5TrZUfJR,Tuot2RuZ,2kLiJRaO,JRGckHTZ
N2JZSXH7,fgfHQKpJ,xuVuXesV,91JQtLZ3,RlpMluJb,hn0YU3Ke
i4hTiK62,eDURphpT,c2F8LrfJ,3rjsE2AH,lX42pMwf,cZXLrLev
XLNTR5wo,BtFtd25a,uwaEnne9,Q1moRAzG,v47zE480,4sr21C2i
xaRoPVyy,4BrJQPXy,PDPrM5Qw,XltecTGN,LjZya70O,Dap7tnwV
XALEVHS4,iGNNkuWu,P86CDNwz,bKidBhVi,ixmjBEdB,1pHr0EQE
IihAoj99,3HG8GaNw,6w1ib4my,EsbxtW2h,O1Z4ZNAU,R6yFhcx1
kddjEnk9,QgQGoRl1,gvbQvcJf,Bgm7ChdM,1uHia61d,eNSLOYPt
Oun3i9GV,vL2kEWVi,Vft9eMq4,puRkCf3C,GqRmnjAC,X6wJ3LNf
qFQY1zN1,lBYHortC,vELUz1xZ,a3w5nAkN,7EBt5KqW,ZyWDoHH9
URO8lUIT,x5yAJlyg,24S5VOAN,XnyHTXnx,UFCUxpql,Kate2wAB
GEMRHia9,5umOLV8C,u0G1JuvM,Jqw0tOHP,AwmLiIGj,Rgs2Rp5t
0cRLGBXR,Ebu87Kn8,nfOjhSxp,YPaXQRLZ,u7w3KUDP,9bxgHPic
IJ3SA6ek,InJl5HdI,HnsxwggU,p5mGLDuL,hm6orsUi,YmSX8dHT
B9iSNGpQ,Ucb9d5uA,APav13VD,7SNtimxa,9nws1PKf,LZJy2N1H
qY5Oivof,VJcraX0j,52RuELbP,czwFLcxF,u4y62hKq,3W0X6Q9b
e9n6kPSZ,rTojIDuJ,p2HeVCGx,OAEbUS6f,B0JKhCw5,AE4fBTvs
qe4gwgJ3,F3ckydiY,Yo1Lcmi1,sAtdBVOC,o08Q5zBB,gQsNKONF
HBMG21Um,hHB2qfhd,tDBM8MTx,x5pu7SAm,MamSKK0k,32yFKW2h
LVLDk10O,mYxmOuEw,DhFwqIBM,um8HDU3j,AONgh36Q,TGWcygHj
nJ5rCUMD,cDeIoVwE,psfTWRtA,fdhEWnSY,HouyxL8L,fWc2C4Gd
osiSH1Tb,nVZvNZvL,dOZmsTi5,663nhgTc,mWrLLTLj,YV6LnjTE
hUqYS8dd,xtYo0l0D,q0N9hKkg,81xwpuJz,K1PgueVb,fEdJD1RB
gQNZ82Bo,0Qk1RWrd,gnOMpErv,FzbrOxzi,xPi3TZY1,kSQwwvNc
8c1etRz3,5HqBLdwi,1r0Tgdvj,yD7lIS8g,UFmGOo9E,9pRMhHN1
dFCoFGFW,57N9cnBS,AhiLMAPN,XEy0jRxa,LWYCmUUS,lY7suFCf
rgErkCLm,gizszBwn,Wp6M8THD,1JXm6Ntu,NuRPfzx9,3hkCu0Up
HlvbsLXP,n0HHtFZ5,YdJdf58Q,ojJxaWCp,szpoAuaC,H2z4HWvx
Vp2Y1lzu,EtWVuJU8,YwITDtpJ,wAtPgh9u,Floor9o0,NIStgT6m
5NwaQGsq,XDv0aZUO,vm0uyu1Z,oyBPt7Fb,K2waAWzJ,rC7bHV1s
OFreMejf,196Zv1Ti,WH90RX8K,MEWZWiwa,q8J5CTXa,Rla1Syj9
Cq9KV8d6,lssZGkT4,Li9C2WM3,WOC7sTTC,IU62vgft,hbJxksfT
qKJ1zrS0,6dwjOOR5,DHHGGJ8N,RCbbgOlt,EUvfPSG8,idsNYfNI
9MfIkfBg,QHML6ART,R51FttUu,jc4VfFYz,eVy5fETw,p5zgPxlI
xemhD2YY,v21gM8SV,ALjLcsRM,8BVLxbYy,aBnx59J4,2aDU21cL
lG4sTjBB,X3li4RJ7,rmZ9mvzU,dgxJSdjY,83TK8m2w,1MOo5lki
Wl4v02yA,ahWXXrQs,qBpQqnyv,EvSTDg17,Bm9SVFRV,pKiZXGBN
HQweswFn,JqonaK5b,ogoYZm53,OHLUzpQj,dLx5SGkN,MsJx634v
cLQOBkhH,r6rhm0WU,xHYYT0M7,XHZjZul2,NmlX2Axf,mQ3VevA8
4wjHkvcf,Rb7NPJN3,x5UXMH3r,PwfCDBFq,KCRin8IE,e3rgMyBg
LXQB3jcv,WsMOvlK2,jbS2puIa,eVY9oIoQ,COZVOZu7,TYpS93eh
MxEvJge9,M8xVkp5K,MpPToxVj,Hr1MLFjw,QWfwoE1b,9ZZiGU98
AB5qwaUm,MaQHZz0Z,0hjHNfx1,d9Frk8jj,XuAVHQ37,xlIZMGJY
IIJqXLpE,WOmakSaw,kP0cWO4T,Dm37jOMC,VAvoSYFi,OpXvlK66
oxmTSOjK,y81sw8LX,HfX75xv3,t4DWSpzq,bZXxrkZA,iXpMDVNC
TGoDyExl,QD7bcF22,d0nXZVAL,zgjD5q5b,OscDhY0q,8qPTe9UI
3EkH8MLe,xuWwkiQy,H7EYfUkU,s1eZJGDW,Oe11xDYI,OylCwLHJ
6Wc4WI8l,K5aXOoz4,FYfYy51Q,wbo3rmDE,pNGrnBAT,mmSxjOvP
HKH3Pcge,mNq3XvlJ,80pYeQpk,h33HylFZ,fk1i874Q,tUxviqk4
T9nDZEgE,oHLdX041,9KBdlImL,ThVrhp32,dhb4J6SX,fJz6mYIJ
tgVfAeua,gwV5adG8,QT5TNvTK,wQBzeUhz,txyGTTJe,PFIXxgL7
Y8GJePOt,L7u8DpBs,SCmsCO0W,DulS77wU,94bGcYQv,qaxtSDMV
DZpRELxz,sUJvDjaa,4jP1AvyU,F8K2J8s0,Zo2pxvfD,SxjvWAW7
ZF7KTK1W,95lxEOWJ,HODt4A5h,FklfXORO,ny8c9WIj,qnj1dIHD
9iqrZuFr,58KdUkp9,DygYJHul,m4KHajmi,JEXnzfV7,0Xjdoxvw
29sA0bGR,3ZKzEsTF,nCqTYODH,JW5sTHCM,CgMs0ppW,KRQQzoOh
ANolqZeu,eAwUdOdf,a551VGjK,QyrSzrAh,gXQ78urA,I8YF0V3e
1wRuh67H,QRv4TVFg,MkdJywZG,8mIXHVmY,jaLFBsHn,Ku8N031g
t9zBccAA,ZKoyxArJ,ICx5qi7n,7PHUSCiR,lr7NNsAp,OljUI2sy
r9SxneCS,6ixNQ496,Igot2ADm,lCDyeI64,AEDDUuj4,GbOmfaeC
190N2gRJ,bKKwJIUs,XPTlLuIu,83TrmRtB,CycrNvtp,wGKkO0XS
JeqbLzMS,SUOA96wr,pVfy7FPU,M40hmkaR,VF3JYd1R,VVTtZUX8
vr0PfcRK,VDtTX9gm,XEVTXlo5,9QWsPRxt,QfSN1SkG,PJvwEInd
rWt3yIFT,AeWrRDVC,FP9Blv8U,HkykiS1N,qt8FCcT1,nCOywcCC
7POPhFi8,K4RmCwJZ,sQcCE81j,zj6FlQWv,bUpWM0df,G2Vz0mGK
DpuqUQNC,5p40Kep1,XroNe543,f53d5FRX,bfnzKspi,ASdZpERg
MMoMgFZs,3pDoWqMI,B6M66RT9,Lo7MIjhR,xGhn0rwn,enDeAM7B
uZseQFfL,2kUqTwA5,HsVapgiQ,1zy6aIbv,FkbEk2wl,CE1DY7TR
tNHJLImz,1CLN0Pd7,LWO8XwrP,gOcVhBhT,KeE5SFZQ,RkOVWtYe
If3Gf2zr,dMCKUi4h,gGQVCSNM,YEXjVygq,9SaQudFZ,YEMI5944
K5TYmj9t,uTw0YiXy,bh9aZGFF,VAzxHrY0,haIFUijs,Fs8Jky8w
gSgkvYES,2K6goMzN,W6I5vgTn,9lzt7haM,Wtj9IA9T,ZTiUch1V
n3uHIwtM,6pyUGzdN,ShVlQGxy,LJag2qER,UljdJvZ2,qsJHhykm
PL1zYkGN,Nz5XX2JX,cGMdm7oZ,Z8S8MQVS,SRzvyhBw,CjpHy9A2
W4R1S4or,gIKBnAze,9hjNoTBn,BU3nNTuV,SyWW2Y6H,QXrsPani
MXZQSrNq,IJwMGab3,yOjmNNfP,YMXzWjjc,Ku2tC9hi,YJIAuUJL
Ts5JKg2Y,2F8Jr7u1,F6lfSWqb,xummkHTI,iJ7z1xYM,jU2XQdhA
vQwP3fi5,t4FPZGuj,DmHQQF9z,7TlCmJdm,gK3GAVVo,bEDoRX2n
dFntHsMf,AT4eqtaF,U7BPdwPy,FqP5nrAS,CTompWuK,rIU5Y5wB
yqgR8OE3,RFjeHMZQ,LLFkbSoH,WjoSWR04,FuRsqlre,ZI75LvNh
eU8ekL2s,3FIDJMh5,uOk5xsnF,Gc2rH4bY,hNOFiv6p,xhu6gwWQ
B5TMJrMV,WgbiStZ4,941wOevg,ATTLQTOP,IpTPyyzL,6GJ2Kf6A
cwQWpJ2N,rlymLkAT,Gb76vB4S,wDJug2FZ,I098chQX,wRCmDHAc
HIOomQGC,Xv7VnAmK,lRjhIq1l,M1D4tt39,rruSQG1S,V61D3TfQ
sTM8TUcf,pnDH9FUQ,M0YiNovL,77gtEGgg,8lgXngTV,ySyRgnYF
T2hlqNbK,x976ea8Q,hHjjBLbV,hnSRqcou,Z2oHTuK4,TKx3Cjd0
PbYeXepM,U0Jbuor2,PGr9yaPX,8G5rapxX,IJvRS4pd,GcywvyUC
4HRolrEw,PDKmG5uH,dY9swndu,jBJmBv2H,PWBDfJjS,reqhQoXc
5TzJljRw,W6wd2hP9,rTds6dkf,KIfypFVs,uNOhHMUG,R4RRP5wE
Ut9Tihyx,pQYIaGL9,rKh7dEC2,2mwwQS2U,chzdMq0x,XsJ6ONDb
OWZnsmBK,5pI6rmRd,mqlvOzpH,wSEl4wyW,KojByBqy,L05f3EKH
TmVRjLmt,Q6IKptP6,eLMP4bN3,JD0jVqrB,ZgnfLoqx,z8YvS6PU
jEoDZzu2,UZnrWEn9,rI0xtVsh,W88gO8Rn,81YWOy9p,pu1P4LqB
W99NUjKQ,ywJx611Z,U2rcZBFX,O6CgLgsf,9Rx6sDxS,0BQKL9bi
wBRD37by,CK2zA9Sr,IDheWPwq,ljNrfS7z,fOzL9rRr,JUDV7DQ8
EHjIp2NE,GblAsuF7,CUyj540J,TMRgMCYD,dvzYHw3x,dXRPAEcD
wyPpyiKG,oi3YcGHg,786nZ6op,ArqDNBzn,AjzIijEh,1T95BrUS
JR9JKfca,IxzRpYC1,jBTgUJal,ZRg01X09,YWz6B2nD,2KU6tj24
xTnqLxO0,lX8NeZSa,PSXfQZre,zJI8FRsq,wUHq3GHk,jQnjrSBh
ZBlNWGl2,WBC89mbg,2sSSHCk2,Le10Dt16,XbYmFXOK,cpcjEMDJ
W9aJn9Nn,dbfhCRrE,WW1nitmV,osbNyaHz,2Yms7X86,pe4s88QQ
e5KvxozC,Q0qBygTt,iVkA5IFa,vPLS1KrM,g4I5i8iN,nH86EwcL
ymGpT3L7,XfpWIXRw,R4AHi8XW,PrWGyIq9,Tuknt5qT,cE8MgmIk
ATISIvAX,edq0Qez5,nGQbhjUt,mrWJl8ZR,qEeecVuy,0cn6cmAU
UxRmZ9Z7,9XzEQo0r,itOkEwrX,DbsdCf2B,yKm8m3kO,pDIUB2uF
TYAZZQlg,HElXK82O,d7kHTjGe,YQYI0Gqc,RSQgrzOB,xCoOcuhO
Kkplygqr,8QYzg9x2,DKghIyle,sjNc3p5f,RSXD1rcK,Q5DlFTDd
ras1r9lx,QQ3DZw1i,BzkaFvq2,lUPCYsKv,bjVkWLlh,JMf2LCSw
keeJygRv,43gqidte,LAVJxNha,nkikMp0v,aqAtYkGV,z0n80r0Y
ywjJLpnn,dphKh0h1,W06Xys6B,ZVQsnh2v,K8HDd7sV,6mY5kjYQ
mN4xiaiZ,41PbYESZ,Y8un6Qr4,FOdCOKaF,iPI2NSC2,guy3uBaU
MiZqyZEb,FGhW2kzK,lYmlsboQ,r06dwD0K,Q8Hlv8EW,4q35kVXo
v3S4msj1,EcQf9NUF,Iudc5Svw,x3dDfDWl,ecJtiQr0,w4fpfVqU
8uRbvECo,2C1RXKUe,oitSWe1Q,RwXNZ3nr,0csCIVJc,rOAVLpfp
pu3FyJuj,H5HS3Wab,cJ42uKnf,YtVJOOnf,ln2xYSy7,lpO9XbmM
K97hGrYM,HpMYcimF,DaHRww6V,QwzR3OeQ,e7PbhSOi,9MjkTI8r
FPcvUNc0,YyES4556,PI0PBbJc,penJM3VV,hgIG8uZG,9H0dA70n
pmduL7Vy,P9zcSsHk,j1Oambdn,HRr7nVdX,bGIv5hVm,QiafHlJV
0YovvMty,9TezycOo,sdEBLFpZ,KlreGpCz,89XTPIZx,H3GhorUx
fNy36Xiv,ggYU1we1,W0SZBk1d,XYMpeuby,ZoyDHeoX,Q3BM755Q
x8GpsH0a,AWg3nN60,LBOz7ALN,KfDzXHp5,R2Qp1zfZ,BFuY3i1Z
vOKm3QuE,YnJZEboy,nKmQp1ac,LHVxcAaQ,YVFV32Bk,kkJx3Qgb
xTwYJtVA,CpuLJ4JN,YTukhWep,DpXrWB7Z,a8TamR70,UDanjCup
AUNYD4ia,ddbXeeo8,vwsHupNx,t1RLw3vM,GQThDuAE,RqmZTqpD
j4uhbJ4l,6vltHU91,68oEiJnC,KEHDdBaD,T20DW6d9,SyXmojXq
9G9f13Wb,fF33tM2x,727QYLo6,3pytebzh,FW5OAJHP,VW7AUCnX
aWaAlGsc,DSaFMm9Z,9oTBOQWZ,dDDtvOdy,sOMmDtYy,NpnEBcDW
4zj9bgv9,gS5BFyKQ,wrGNMcQS,Cytjh2mm,eTfADOi1,SFSF12I5
e0CD2Ndk,KqpDMOyp,xroKTYL4,SNSUU8GK,rt7fCVmX,pb8vVtrt
Ln7jce9n,GlpM8Q8r,W6XabHdi,d6L8y02z,MyWcE0lF,hY95uYr6
Acbi8zzZ,3dRAMPN9,dmelrtYo,dxvde5wr,LycqSqHS,QOwp8Kkv
0Qi6eY6L,9VRbUpGa,TCHr2KdR,LPIm2fms,j8WZESqi,IifJ3697
6Gt41xpN,jTBETRkW,D0mADeJb,mQZxPfJg,muwowvke,Wxnctd3z
IgFDQomd,ar1kVld4,NB9K8Dpe,APK6KmpQ,7viVUc1c,zEP3OmVx
OXqdBdjr,04fBDoyb,w3i6ainu,JCDY8hA7,NFFDaQYz,tHohq0Yg
E8OY8FqZ,P9wnWMBQ,mQmhC3Qb,oHZ2rBhx,dH7tefn6,h3vGoSVI
Gm5p4pqX,KSN4nNTu,awC0dP1U,OfpWqk7B,d9JshLfv,XQIId35y
qtkCIXQP,5po0VPWM,Wqveg3aX,JW8Mg3yd,BBLJPWJm,8tOhcHkV
eBETST0b,oGeJlAdg,JYe1cqdn,XQs5NK0r,KyMpMIQ3,m64cLOND
D9FgTUDi,jwKHhrTr,KSPJS7KD,FOfn0Mr0,VQYKiPV9,qrmkrc1n
fFnJrUPF,vI7gWCDh,Uc7IGhEn,giiCE5FY,uOMkYHOK,KmEHVXxt
wcPpDeJt,rKQxQwQD,4SUD0HRW,Oijw3yCM,orUBrRKZ,Mdqo7cdu
9iEck7NB,5IvtW3bo,MHouV6Tg,BUzWmHA0,KWkbdD1u,nUHbDxXu
2u2nv8gC,r2FaggYw,4dBX0IG1,YCxYfiwK,BKHeTuVl,dlOjWgPu
cRcOWkTu,jEuOri4a,fOMBAqHy,vcghFfhg,HvQ3o8CR,Dtt4du0r
iCYstmf0,5UWl5cKd,wOOOxE1G,6I20tjzV,hMnPyhKJ,qbzwv0vN
nXsSn9WX,n71odb6f,St3o1nKe,DoPpiGvK,EANjzGpQ,tSb1Pl1u
otjHZcqp,U67CJNWw,rGeaMIz8,GoDzJJcQ,DvPUx3xD,eKPYKLMK
ZIznr1BX,u4hnEecl,EGginmR5,B5ZVJE2M,kEbNx3Nv,7DSqKymy
3WSBfhcl,4UIxKts8,AdZ0mOph,yQJaCDdi,vd5PnObH,GsuZ6vDk
clQrjJ2V,DRZ2W4iO,1q5pDC8G,qIRlbvZB,0htKrPEn,DCScE6Yi
h4LpPF5W,5B4pO7mG,qSlNyVUx,WAPFGJUJ,T8wXvA1E,YE3FUiNv
IhAS0PZz,oAqnmWsf,zKSIRLge,0V8gUI9m,YA18KwdA,g5P8HKEm
x40P55LK,c2l8QBvC,0H9MRDDq,nUQ5HKch,7RmztXsa,Gq4sIltX
uAl94Iv1,uceF0bJw,47XDk1ol,WVuXbFr7,BfwOkdUo,tYx7rTEq
5lSFdVdP,mnbjsjo1,gwgUOufG,XnXytwqg,a50mjCuX,KvrjGaRj
xmNF9ZgD,0NfMhdNR,Sa5rna7k,T6eA0ZzF,kFd4HqXD,qUg8F2kv
x00Mnqz9,ky4eZdMi,h1lTgk6w,havTjPNQ,4jWYAwx4,DfGlnYhJ
UoyO4qie,ikRhszbS,i4AsSFGV,gFj41Bq5,tDfnILvW,HeNrdmHb
8S29H3ZZ,6Rak7HtL,YbjRLESv,oYWYHpE4,Tux5haWs,OAX3oEg0
qsxfKowb,g5TgLiF5,aB3uJIMl,NeEXo9V3,2rMyluQL,UFE4VAyl
sMy74RV2,XZDYfKey,UhiTNThB,rkN6Oxh1,Z7tCz8ev,vC1bPs56
4I28hjbx,42sl4Eu1,hoiVREam,QSzgts0B,Xw7Fcv68,FLeVwRkN
QcylNmM1,97WeooAC,GyBV8Jto,2JCooHKJ,IbsJRyfx,TPjPDhH2
ciYHunFu,GTuqPH1o,MOLRv95c,ew68FtXT,iYAoiqIz,McCkiTuZ
9uIltnl8,XlxDIjYB,g9mtlWsv,a0SU6ShV,k1Dlpvl6,TWB4yjy2
JxfVmFTD,Cc5E8j6S,yJLC1jqU,Kztl2qZB,s1SuGLPC,IZlFafCO
VUS82I0N,qcDt3jkA,deGukEdl,eFFkaJbq,bWSBFfFv,zkK53fxn
lFL51iKt,btlX5C1s,4yhRm8it,sYgDBF8H,UxOTspOu,Ndm90rI8
H2yU9E7v,nBUfFSRH,ZI3yReF9,KasHGnMt,cC64qAmz,s9IJ2mDv
mlBPN3Bt,8DCRt43b,c9xVCoWg,qrw6m1Yc,ZHmr9XDI,OEe7iKQe
Pq1CRh3o,9OSo3dXT,cwMEfmHD,n0AtAKtW,kyU9PeF2,lahMK2ny
j6mJHgIA,mWMFhMPy,ncmnYS5o,6OpKtNIo,SuynusUM,UVebKeJy
A5yaClPu,YemU43Qn,VN7kzFrC,wvLWKJkn,5qkeupl8,lifEdurS
uw1e47Nw,DHNfIP5F,8vy7JLxY,4T1ZuDHO,RFwYe31c,rGrcyoKH
SHNhzQX8,ujjDMKbq,X3hszMdl,y72Y60xO,vFKrKjzJ,OYTvtza5
a6DAP18B,Li2xx5Sz,OPTeoYAl,kgJ1tfLV,ZXY5PnyR,l7LewFxU
MSfp48OE,Uhn5RT3a,FufPr6S0,KBI3tHfp,ED8N7Pwr,Vwh8rdYa
c7lLITNE,88xyVRsp,Ji1WmOCd,QPjRglly,KBJibwXM,O8YRJwrf
pcYtp2bi,1eni0VaR,pfdhdLA5,52rtVE5v,YUVQXfFf,jfBTcYWu
CFc2Qtu7,TiVTkGls,v5pG6I6Q,U85AgkD9,QoGfqp2r,HAVyfhc1
SdUKI44D,s58prfpx,steODYvM,tWO87Dd7,dTE9LomU,QWRl94fy
e48YczZs,gIucA4ws,T9qkKgLo,gz3dZqMh,M7XKriHp,cOiX7PIT
nDp9euW6,m8y36HWx,LRx0lyBh,3STyqHP0,P8D5JYLu,aEa7h6Rx
J2cl2v8T,M4EWx9yN,n9cS14KO,cjb50Oq6,Tn69Jm49,AiMAX7j0
4LkSoNuB,MqKUi0q0,m4ccskR2,Nzkjf96P,wIhBFnbU,w7sFx0PD
3xSiBNNL,1NKBDcOf,uDO1mXgO,JXxJbAsk,Mfch7PWD,1r9GeFYB
2VfEAsLD,hw35f2ct,xhrfHePd,xxgg4kPd,zHsjftEf,2U4dIUzp
iCdRRXuL,tYXCeP2U,RuuOF7iK,PrJXYCIO,8k4Vmwq5,h8CIKHRf
9TZIaWDs,aMFOKmSu,ZoFgag5p,c4X2yzMn,Km19qCTk,stcRXdJT
SJ6XbErc,XnNfV6eR,XyV1NcKN,DbFgxTcJ,mT2t1kcg,glsTSAqW
KQxhUf0W,VBlVRamR,Gl1lB7vv,Fz1tZdkO,k5YcjIDi,LuRPORWB
GZrSyBfx,UWG3PvZZ,TeMMaulo,Km59Yaf1,VdrZMSxH,UJU1Nsdt
MMUEIK0S,C6cqQ9tQ,xqG2KvqX,gRCpfQjw,XwoV9rkR,YkaNxIfP
Z4yimK1w,OuG6vhcI,GeG2bQ9p,QBBzYJ0h,x0gsVu5U,ntmI5nq7
H1wwVgy8,XRCCbBZA,xqfnLGMD,Zi5wThb5,hcLcLa9f,p22bS7y8
nQI3dGdJ,QSXbTVc9,HtBexVVY,RBiA2DTh,bfWwXx2f,AmODAzQm
ljHUBMBL,EU4WRFwV,8Ug31LMq,3L5P6fQI,5PAaAoAg,J9qNPzl9
PIslNiBD,IQBjQwIu,DvGU3hzu,niFEHNb1,CLkwuyDa,kDNnNfTZ
LNngCMuR,uC1E2pEz,wW8O41lg,MV3Zr87k,VVhMg4jE,SCsk6Bp7
4QBlV2aY,iA4bZvBh,a6fcOOO2,pMYdJeWj,IbbMuJLV,Ypa2CKbm
JgHdSLnh,PEkAI7wK,ZWHelavK,Img0fZwj,yq1K8d3z,0pCOikGa
mcfu84g2,7b1FdROH,IYF1bd5f,aFIkpin0,ez0LzjJC,0L0KNB1G
G9JnUMpL,a7SZx1n4,nbhcnOWt,4fJTxeTu,N5onR820,x6LfVGlf
OZHNosXU,VFNyPhSI,IuCEPeTr,DqKEpC8i,uVrIGdc1,Rrk7Rnm3
YOUTRtkM,V7ptJwEX,tdtawB0R,klchzqSg,UxxEa9tD,4rOe16Gq
5JBrz20O,umo1B2tw,LMMSsKZI,TwKMfysR,ccGWzrmt,XOvqNPU2
fYvJG1SL,wycK6NIQ,GSaYWZ3V,r86jelRx,KoSswPy8,V52lO4Ql
YPhw9R4F,sOSdBivG,7P9xKD9A,WCB8iPB2,LWkIlQOo,TnG8atv8
CjiPAYe6,ooWulYqo,z8l0HP0Y,Ry0cbmqo,3w5C0K2z,URn8lclV
Ng34yV8Q,uVjeuL2X,KBOdHmZo,ASrG2yI9,EpDnUkFV,lnClhPEx
IV1HvrFf,2SZFbB2a,uOn8Sol8,VKbfYgpS,HZs0RPNF,NqvLPpI3
uBNT4RLq,cnAsB6Kk,VbwGh1Hn,9hZEvSsR,GRFO6efQ,YC5x8wmy
5T21Q62o,ar7Hg5IC,fRBEgUlj,1ffHbZro,B7jK2kiv,M74FI34F
pbDCAafm,rGVSm3l5,hbXPV3xH,vhiXbQPL,vCusJcun,uVDwJFUL
Lt6nuZ78,JEhiOzgh,kPBipozc,FO7QcUDj,kXrfL8Vm,cYvCnCrF
krOpv1rf,Xts6UC9z,xK6poXnw,knnIDun1,hz6HtVBW,foimxiL0
yrZoWUIr,t9hWCCH9,XJ41TNdH,SpaWVS9o,FGgd9TJl,M4p5QDx0
yVKrQirW,xD0bf6HZ,ZchwcRE4,kETlFtoB,Iht9jSBS,VXfMmyAR
xANXsNWw,D6VwtUaZ,6RnqS3mt,vfjXhhn8,ns9cucoj,myEdxmvu
qZZRrgu7,jyrhUrFQ,RWdtrZ86,YM9NN8fC,xbhrcqD5,YE3YWsuf
fiE6ojG0,agbTTKdo,IXolGoED,oAwNcuNA,WxDiGd7t,ZZLncEJr
8k1VgPH2,QQ2pUJCd,DbYAbtup,fQUonvTu,OratJzC7,f8yk1An8
4mR5QWqJ,TcpyfaZJ,UqJzwGrw,xt2s1Eb7,MEMLZtr9,qxyohUIk
ZY8sXbjn,il120t4H,zHtdEiwF,yZkoTe9R,MlnisuYu,VO3A4SSz
Q3yXMl8b,MwNCwGYZ,wDnQPl7d,B2FQwpot,f60QK34v,qHXYcUvk
90F7S5oT,u8tbnqdW,imUu60v5,q8RcxbWv,nY5XIZp2,E4DKUB5k
rkaAARnr,H34bbJU0,94ACQoNS,Il4qXYpk,hVwBuvHa,dw6lmPM8
7q6j01Hp,LbA2KHIB,mkc6Z0CS,BmZgRbe8,MGSJHfxr,dzhQ98DO
T1NZkJPe,4GAPJUKz,5b0rNC0N,jLnppor3,5kMyom9s,H1H809Wl
49natYqC,ZqHRftHY,C1WHxyy4,yNmosDIB,2HZvlQUy,NibhIUO4
s6bpKPrM,GfpKmhbH,YEQ4okY0,0qCYtTDZ,5A7KTsJO,MKMhbuHB
IKFq6Wa5,KV3l17Dc,1VyKI1R5,msuTjH1h,p3U41YDx,3IbV2Rr7
1pTwr7cJ,DPqcTIUd,UX41laD6,jrtsbb8B,vNDsFKsW,qKZvyYXY
ArI2PIMO,sMiMDI9U,h94nl3pg,UCIy5LXz,xAlpy8gN,H9SMWYHk
4KYe6Vjy,3ZDqa2mC,a1Tkb0IQ,FqJM7mlX,rL1lteum,nauo3xyR
OF5oAM6S,nE8oTCJi,zjQT0DDy,DTh6RNDF,gTTlUWf2,8oc17Zai
iy342ghX,J2cCVH2Z,g0R5OWRW,ezLZuTgI,XKJ0hxDp,RFhnGpdY
5OOGBbAm,dc8ehudn,hfAkq4dO,N52tQ1oy,eMblAAKA,JocS5D2u
a0keioXN,mX5ThezR,CfCk7LoB,Lpy3eEKM,EKDEs3tw,SwXOrYab
ke8ZLbjB,tF3VRJ8W,UOrngybo,BmlfOsiZ,zzfct2KE,CVpQpf7l
lwaPFQyo,h7c6SO6v,TxBKhi0o,QHHgOkys,X8H5mcQX,Yth0qxJT
6qpEBplv,UXXjV0j9,Zr3XoLG3,iKNOtpFQ,r1j8DWKN,0HjiuGLs
Hf3Qibwa,PdJdfTJ0,YISHsI1r,v9wUndKo,L1LzbAco,Lw1KhiUl
AedOD6g0,pseDMBSz,jrHhJnte,DrEyozuG,OwHt8SZQ,7eLGLDz1
hjDQmJyx,SBpb7AMa,dKDsl4M6,KKwd1pci,NCg3hZ3R,f1y0r2t5
vSzAh5l6,2wcmY13r,K1dwtO23,WgViUxuh,iAiUm4xV,Hi7OuXrS
BFgX0ps4,2rlLYopx,bxVM1hZG,x0PuIhvd,xEQeJW9L,b9H7HPQE
GHsKFOFa,KenqIWfl,NuJonPMj,8gZSCjJy,H6mDAaX4,lwKDvRPI
RjToXFBO,Qk7Nqcb8,2ra8sksE,HRGgTsXp,4RkcMIxg,hc9NsL9J
aH2YAIhy,YN8eMVGq,KW9PQIWf,OyrO0e5O,XvSpZbgb,gySCBIHS
INF9ZvcB,P2lsYXfG,0uqe9Nfv,k5ole6Af,YBQDtbD5,OBuEvhD2
ZOV0MbqW,PPQlOswW,tY6dURDZ,uSIMCniN,Yp6rIy2L,mM1WD2Ir
Oz49w9SU,sWWnTZBn,GahmK83G,BBXXueLj,Fbm6sp5o,s7gJ4R68
WC0ymon1,hoGV31Fb,Uywu52R3,xII5U5sd,bb1nTOFS,82C6hyir
T5RBUils,lCU4dSdB,IzW1uWRT,OpQguhT2,EFR5WnAW,mgCaIJL5
Z6qv6TiY,6C7HSCOz,YzJE0IJN,m0KhQ6zP,HL290AQL,w4EP6RPF
SwCGxncE,Twbn9zqX,T7ACjImS,C0NRcO5M,AVHSzTDd,0QVw0ddw
Rr5OeANK,Sxinj5Rf,srPkjCJk,lYyLMsOI,9BwvU5JD,lAjkSypz
wA1B8jJ7,OlcuxrvS,bY8ES5Nq,s79zDs0X,r6TK0RbG,LWL5FhsI
C1kb14vg,ouZygWNR,GsjHn905,vBiZ9WPj,2NF0yw9e,4ZFQFxZU
PSRGdGYl,mM09M87T,Fk6N49Mh,kXGhdnco,3ekBF4Ih,P5P0xsyj
9OgHdkYJ,fj1CCVJI,wlxUobBx,76EncZgW,ElPtp6eI,V48zFukZ
Nd2UPRGG,89tTXLBF,dTM0ZJR0,aWFdJUnW,V1cUBvtq,yHqN7Eiu
FId56YS2,dCcqc1kN,sUrebrj0,yiye5hM4,QA9aYsse,G1FXGYLf
Q90ZOSu7,GG4mUx35,Ti6bNhlS,jEeLudt4,9hjOLOts,LOLNFYqD
RyRj67MU,XhYZ4nly,3bRY6ZDy,Q1Rz9mW5,zgPeeKnr,eKGhI0Gu
BpHEWbVB,X2XN5jzo,mV4puZ0r,xZr4Kowd,LxPl82dx,dfbPvF7E
tXcMOW0j,HaDjmT1b,bhiyyChM,DhCYuZo2,KhxAfaQf,jNZDDlNU
aVedE5o6,u5q30jJ6,d8Wa5cjR,rmxZJb0g,RUXX9tK2,i9nhAYn0
N2fJ4Fne,gdVPduGL,Y54O5O4R,ohM5YgO3,4QUunR6m,KIFJffet
F3NePDOr,CKeaWVnU,rRojPqmq,BUvVUewT,tX694b6N,u2X0oBVx
lKrsKBUN,Zx8TMkjy,2y4QEt3R,U5vWrwib,560a6iEe,SERoSE90
1vQcwj3S,A0jc5xWI,iX5kkCoJ,hYH2Uqva,bignUl2L,oRMMN2ge
Xbahgo5m,IKhpVp7A,C9fKSMTd,GdZfx8fq,z1bvMJge,LwJZaT8W
FO41Oo6r,vwrmEV2d,MaoxnR44,jIoTDt7u,jo3HrY5m,ITBDj4CI
jw2JYfGh,JKfX4ndi,GWvJ4sZT,T2dJS2qK,1tWMqp1u,IOiSDfxw
qixXee6i,XAfVXpC0,tPaAkwF5,oJmiWyOO,JXIDFATi,Jz8muEl1
Xe6E5CKi,y9rJ3XjO,JRKHiGeW,I7IDiuFf,H1nYelMx,JUMpMkt3
vPHdK40z,Fdqs0TIg,zKz91LOe,xvoJ4Bzq,dxRxJrUV,scG1RPo3
JLYMz00g,WZn9rX1x,S4xilRgw,xItKfcZU,rgxpPs6e,6Zzc62vE
02z3Jt1o,HHWo5Kus,puwWlHOk,wtjeiBor,L4aJeZc1,g99NKF7u
87t5CtDS,VQcwEWzi,LZGACjjC,BH6YFUw9,Hn72C93b,NhgXjNHI
17KdlJZm,bKuODc50,VHRADpoA,PcogSNA9,ibFB79bf,rM9Mo5lT
A5nIn7H3,KlqjHsIy,TsLV4wrf,bPeEbzCv,ciNrL3rD,RamKsCTO
MJ71yO6H,bOLV3AcU,ziCWVJJV,fkgT0tCt,GXyYrNMD,XxPcwsbA
3Ukc9gZm,7mGBD7X1,vhjIzo2N,yDi48kzL,SMtvZYeZ,SbJWNUe6
Puk97aGr,rOrGakqc,amZQEvWS,6IQid97H,1nxn7cB7,5s8qb6UQ
Km4nqllm,CQ2a0I3J,Pjfy37z0,LgzecNGn,7J1emhOa,b21ikREt
06pI3GE5,es0LgVKX,iqKRJXH9,gDbrQ8NZ,JiSJANDV,1YMeNBB9
fgClVwxJ,pAVZL5Pg,q7uWvHov,ZCZaTz78,Dd0cEyrI,rbLOHly1
zJvp8LMb,dfYj80zO,kQp15d6m,MXwFI3bb,SBYI7fZx,Ba5Pxq67
9J0nJQeC,MwLymxsR,jHBbBzsF,zxzB6QKV,a8pCsWn1,qLTF8KDR
k276Xr2J,LSB04IVK,7aAmMKdO,4U8BovPu,NMfM8GPu,nAhDVh6h
nsIgZ5hw,SSZM7qJB,TPbCF5il,ms5Q7mTT,T6bIjc4Y,CHR7CzaC
EMPVLW8X,45VXIP0m,LKMa3o02,oxzvRbhh,sxA5g2F2,h3j2HIWO
U5KuCdTp,a9jHMAcR,6ycgqjGp,5orJ3oSi,UkbWIKD7,sFf4b0FO
jxyhZC1l,9OxVCvhL,EmwYOIUn,k96W1rUD,ymnRWjBE,Nk6qZcgv
qFP7QW3l,Z2d3uAj9,UfG4imrb,oQOI6YOZ,1FfI0idy,GSBPPDau
I1YmJ00N,QeKgvlJK,fGqhkMfx,7GpctTYD,bdzIwpZc,C5yv4LTU
9ZCQ6dik,AdAs1MWE,xAmz1XIY,FpM5pVe5,1gNAZe5i,GUZhYrUd
REgvFfoQ,ji4knypp,UOsEtoIQ,yumuyztx,DhkIU1Cr,DtwcstTB
5M3V1nb0,rpMlrPCl,HHkaXaJa,HJqrjeSF,BS2lwTEt,1AR5YNVu
oHG2pdQX,9owJE3qw,4U9nxpau,NdhJ5rP5,YIdlQEGy,fTAPbu8r
Ku8LySqm,0iiTlBCI,Sm4GYr02,WhglbtX8,5WYkxZG6,2kKH4pcO
PdRlcI9p,zXqDbJjW,AyIWNJ6j,o8CBC7Ej,ikfpIrvM,mmGpk4aB
ctyvIstd,uU2C5fO3,8M3qP2U6,r0f3rz5Y,aPrZtnsm,dFW0Huus
6uy8XvLJ,UvWNvd7N,S4nsMioS,xTg2thFL,eud1KBaQ,h3N7NcWy
wYlLz9yP,e7sJgw5K,fIV4yXbt,ck7lSnru,hzT6xhlf,DBIpUVWs
cEiysyuQ,jOr5k1Bu,i9fKnrLf,7PlOnyFv,ygZ3RvEr,lwGG9Lk0
RCfVxGYL,srdIRQQr,YnHv0TkB,8rB0ifJ8,c99VK9vw,LAMeVl2P
4iE0QdoU,YPMbF5Ip,mZ7AUE86,nEThRlQP,njFA42wn,tpDqjdS9
JXBESX4l,rJF8aBTn,orP19X1e,QeaqP4LL,f3PTbyzm,DIlsXhTm
NIxE6I7B,8x7UJ7MS,mWkSkWLh,TGdIhvcY,AFVtyg76,T7eWbkuu
0o3ez9VF,mHDdI6k8,WGS9GkXa,X1xQ28EW,QruxrIEy,I3L8Cnsx
UQudXjw4,oqN3JJkE,3h1P5Jhi,W1cdne4m,Rk4q3ps3,SKv6JPYn
41IS5kg2,Zs1CyYUp,MDLGhUBg,3UXIOc67,wGJqe3zn,2taigNq8
C2aEjFng,27lX6rXx,GnWlOgwS,qBzBMIcI,lfR6TRBn,Cjz0b0pJ
dM1gHh6D,yAUXVcjz,qtkPte0C,9VO0a2VP,Np1jjZYE,hVTr7u04
Vll3z3op,QI3TrrXv,4ZmwwBPL,SrSkRg4Z,9XXIDhUe,xtBulG5n
SPuboTjf,5a1SZXxz,MVP6sWV5,l3YW3SLu,70Qp9nU7,GmM6OF9i
IAihpYK4,3aR3OI1w,mE869KD0,oFvJ3X26,8Ik5wFQE,IpfWoPko
COAF9kfh,cGAgCAlA,643pZGjo,7JXUJMu8,cf7tiYrn,STycvDIl
KuuH4R6s,0izqeHYh,V0nFBZey,Jk3MkLBV,f5LnFC8s,rBGhEZOv
OpGjrMtx,hV8XF2EV,unNlRx0f,gEuHl9AO,t0au3Xvz,cKXq5Ptz
Zpnl0VO2,52vYQ8Z1,jvPjl9tu,AhS9XH3h,Qw6IGls4,xnGkVnOX
6bNWzCOF,4yEdMVz8,VejFCVPf,J1pC0eK2,LM6Dh3bM,VrpcmQ1Y
601CXJkE,Q59R71eN,jydvJ8Bs,ZIBSbgDZ,alBm3sZU,Ru4C5xUw
xs4G1hqS,G0kOzkPG,jzehUHf0,6UDkEg47,FRpvxCnU,e3NW1aoL
ocKcreRm,UBi7hApl,PIHb8rF4,CzbfdGHs,c19fQhIf,T5eHWIq2
4hRe2uHW,0HlC3TOJ,ee1RmzON,UF44iMIu,THPENlKE,Hk939qoH
88Gm6in0,rtGOyRc1,uw2G4APK,wAYPC8Yt,vzQxIaiV,2UY2C4LU
PMngEkBY,hkFkzdKT,s6gkmIGK,j7ttHG9i,BBv6BvIq,pZ4q2TKB
lt5tN8cv,GccLLBNG,8mfASFMR,6nZccMdk,9iIOVzDL,PPZncmkS
1BivzKLa,ZYlshW8J,MQKXwnie,dUaaQhmP,8Okg0R0G,qxDItbPE
xuL6FbTV,0K06AmpH,satYhKPf,JBnkow0C,xLMHObDY,lJ009dMP
ofuIgu17,xHvof1Td,x5PwVegm,6eVYUoTj,PzMFvkn6,H0QJCJTR
gcGHto1O,LQgMyHEi,yA3HDYtd,khoMsdz6,RRA6D02R,SzkHly8M
iBmXZxpB,TKV9x0Ch,nTCZGQEG,mPSbNYi4,pIqGtDJC,Zv73YhDG
qLsZP6qS,2CziGAi8,bSv6bcB2,0i0h8nfF,iRrogSYT,Ruus4a43
Ckv83FXx,9ZYrEvGJ,GFsqv5ot,w7YWuEtL,fQETcw8R,WJpwVT6L
Luz50wJn,CUuqEsHO,hTV5gw2x,2lu773ey,jmvuQvw5,UHBzBozh
Nbz228E5,TL37Kb3y,yyi41Yhh,Y9y4Xn7x,I9HoUAGB,qABKRm88
WBgYL69k,QFlkb69G,02OUdd7F,sGFmVJoD,jN2PTcHM,ku5XI915
qJOibVmk,tA2OgbDu,iphZ8Lx3,BTA88WfF,oFCpwWoL,k1YVw1A2
BsqgeX78,vCpmTM2u,rS3DAESs,CDY1iuBo,BAauQIBq,nbGSqBKp
9ZLsyuUl,jcKKHlbn,ug5BCpBL,Q5DP6pPj,hd5qf87K,gwNK44uW
pH4ibfKr,N3Sao43M,MTjfcV7m,nKTdyteX,oBLqZTrp,Coo4chlX
R2GoOZPQ,11sI7oHa,57b9hjny,tj9j1vsd,Uetk08we,PNoSFZsC
2CNnkb9V,sdkZtlG3,te0jhRcT,fuigAOoa,FsjwSruJ,iY8zVBME
0RusmX2v,v4olJrxg,IYJ3Dow9,hh2om52d,qcfVrcKz,t4mj5SRt
V20ERtmx,7M2HacLs,p6loonym,phr6ECSF,vuvk1jyF,xUtUEzWG
KuOLJ5ET,ye6ZrGTr,Kj6O1D3m,myZaKwU5,cOkM9ZNM,8Qek8Qts
Gz4wUZHD,iDmbvvRR,oQKBJXXi,WdRChAAt,JFRISlyH,4G63k1dv
X5mwgVrJ,jCHuHY3q,ru2KVG1k,grfmXnxD,uXDDXkjQ,t4E9IOMH
VpwDKPWH,ffcEugYD,6yEcWUYl,nkuaGGqD,rXa1Sqhi,BKMhoujW
uBoBCo2g,1MOjrZ5z,PJVrbct8,fu4fas1n,RCsEPgLb,UqYWZhc1
ZwHXdify,tJdSRBTO,pDIwfQmH,RTkebQFE,fRhc3l9F,JigrvKEh
RUVfH5Sg,Y05JDmrZ,XKuXPinz,xzTLi59e,jzuLJReq,2bPwJso9
MtFyO7hW,G86FlIIa,1PG1c7uQ,TQvc8ezc,zpFDsndN,GreDqc8Z
xCnjNHrR,lwbXn4ey,n9yagxQS,VfL4eSAi,bylqi9Hl,SnIZxa4Q
lbP1Vllo,7gnRawbv,EZhN330g,FAWgH8ts,W9l65xPH,q9FuJLO4
JsVb4L8n,wATUXNLd,57xMtEBY,vawgt0Ds,dtCYwU4l,I1yHzMEZ
2arPYp7L,fyIE9SXK,4AC0SBhq,CElxbJCp,7owRPQyQ,UA5CLS6v
C72xA8Ui,iqiwpKYb,iNJcwCoy,ZrN6PXz6,WZFcsjI7,72zr97Bw
gC5LS6h5,V1fOxXAN,1nO14AWf,MC7EVZE9,0qF5t3ld,iS8oGUE8
nQhMWivZ,vEhyNw8Y,oC0nWIGb,v5NbHixA,EhnxzZK8,YwmHVqCS
IvO7fcTM,0E6h2plA,vq4j8a6G,q93XzYai,RpeScikH,kwamQ1FR
2wOJrwWf,4qjegt4C,EjIPGLxO,UtnvTPpP,XTwaiRiY,BDqmoVPI
7eo6exso,N7hugR1Z,vGJSDyWB,B672MlH2,w1xbzi2l,hhhyKsKs
PrUY8kIv,rg3kaimR,g54B00Lp,lNh0HuwK,poMJe1cC,i3JtfEpy
4lvRZKCh,pyn1GRIr,IIuaXbWL,mh3mxgK5,DSbXl8Y4,g9ftOiui
Ba1SDkWW,AKGyJxwk,hajyTJTv,vDv1wF4J,sw1RwUVz,dvC0FOkw
Qfm0LHMM,BYC6unFd,uOuNMGPW,HLTVVNqX,GkkboxJZ,vc36dKJz
s8AYzeit,NQ7FtMo2,yeYObfzG,Q6eg9dM7,rBkN8Tox,cntYfZEr
CrWKXLeO,gwigxLQb,f8tbB8nf,fcKQjHWt,uy330bvZ,LrvBSduh
spW5GZyc,07vUaD5A,AXuaWGZN,4f1Xtfng,Z2ABpDXT,g5q0hJzS
R0e2zYJ0,6GcTcD5J,k80Mm7lL,epbfhHUu,hCUTVzZ5,LDgF0tMl
z6CTxy35,XbqdZInY,qGZ2gHcJ,1sM6WajG,akhiwpnE,pUXqvCL4
NTmNG4lA,VilMXPWY,SpefohOY,IYUrbXcj,VCaJYeNR,9LGB3iNz
lThjdWwv,wbQDB8TX,kYjYGH5i,4xIzhW21,EflA6WEZ,IzB8ESeb
VLLnUTXM,3yivYaOi,GdwlFhms,hHXuB8PX,GiIhzfiY,ocWyYkDM
2vX3KqcQ,4RWL5ZhJ,dp8tzRCo,p5Afibr6,lhHP1c88,MktQn61f
9uksLwuU,iyDzwUwY,AtCIgRp9,RlUmlLFb,aiJwrz4z,Md3ESW6E
FovqIHOy,Ll7f1PBe,BXEFpjpw,WwUtdZYr,zXCh3doq,PYfVAR80
uKJ2yxPw,Eq4WSUDY,GOPjP2ca,Ux5Fy0vJ,0G1GJcOx,uHTKyCp3
gyLCkcE4,oeIlyDn8,tTwrfNhl,S8K8svAW,MAjDpcRB,fpguvGtL
D25mUjuf,g0NFkbge,ILfi1NX1,csIpyLWR,ieJnJyrW,6938pyor
GuBr0FZT,YdChPXNv,J0h3lRma,hgxKnpYG,3jeV5r1e,zm1NOe1J
RMJq5V1o,yjyT5UNb,BxPzVlaM,N7zG4NL0,ZzTgX6vR,dEBSeGeG
b6zZuNcu,444CFvt5,AJniilQg,iP1Ql1F8,LtRbSyPh,qb2Q8hrR
UbCLa4sb,QLSHhAjI,4e6qkAon,ZEX8lmEE,5xdZ5FeI,t1GDZFNu
pXwtgvSi,XtIqtd2x,gL2uDz3m,81k96q4K,8UOdScFt,ubeWH6jv
3QjI3eS7,DOdzg4Y3,mwgZKRP7,hvoQySdK,6YpcRsTy,avHZgYj5
vbnQNXMu,HJA3kGAf,XFGFGxNM,o12BIdTy,w6sFftf5,pAjQ0UXA
lz1PgRx3,BA8cp1DI,WhbvormC,nD2H5Nb6,QzEQLjj0,8uRk47vb
wH6Xbvjn,bNeUMhRv,SCpPYWmI,5iGlkahB,9x8QVq1K,8WJz96v8
PAm1xKhM,RCVdFNnc,xUuogxEg,nrRd6I6Z,9vZ7Qj2f,3wfny10P
YochxTxp,qAAXtARb,Q60Lqr57,MvBEJmlQ,tej51y34,ctbH1Guy
BIN56YZV,pnaO2gsy,maf79rUK,djo0R8Qr,uFmPxYfY,8ydQm7D7
LnlJWU9L,BFgS0c2e,TOSHYhoy,W2RfnQWc,H93AvqUv,9VRRzJWF
NyBzsPKh,c7Ys5ft8,TjH9HCA9,z4Zs6gXF,p5Op2mt4,po1Zt8xF
lRkzSpjF,NR6ou60r,apy0WVBj,bx460Ord,XSXSFr8w,FpzbvRim
unrgNsZ8,2guMcNsH,xTDgxUGV,tZEsJJoG,efqahZXF,JLOXN6hC
5aWnKjnj,03EjmCUP,05YPc5Ox,vyoEYvq2,15T1JTKp,sCrgUaQK
ZTZjJLWm,6VpdIhKo,oswdvjOc,oQWATgzI,ZFCVi6Lc,VJPzfqhL
z1nrzfeO,pR19ScQE,rrRbdcRC,MLg6SQb5,qI27Ftia,bstjHtWg
0P7GiG7z,Nqlmp4TT,MFKZhnb1,Bns0jpdo,XPQXXKfy,mh20gqz9
0AroU9dn,FpPKU15o,PzUKwaig,9m3RYa4v,Ae1m4fVp,5zkmp9Mj
xhGcvbRj,ayJyyGPk,RRfB53SJ,KvXExvqc,yWlfMIZd,3xDfAMlM
AGRyPJGb,KwTurYMK,Y5SwMQV2,EWT7u8V8,0qViaEZY,MBrEZdKy
kX5Df4x2,J4P2m68y,mssLSF0p,O8jaYjo0,yYPVK5iI,Q5xVcSDI
fCh79rHC,tkHtexTy,qgyv9jW5,PK0BF7vC,0OBk0agX,r04sR4nZ
cO4HzklK,6Q631MWn,u2sXkDGK,cQZo9wtx,RfMsxvqh,muWjd0AV
bWY1PFMN,v8NkUH3V,nkLiIzuq,7h4J4prC,ngDN0SlP,Llw9z2jx
eqBZOgnH,FGBjn3BL,bSg3A7lw,MhlqPTot,wWWQ1qNS,wHXI3eZt
1FeSGuaY,SDFKaBa0,qktVnZ92,ZzroqM4Y,CCPTvxBA,d3Yvaacg
xf989OwJ,DVCipDLY,cDj5oNhf,ZyPRnf2a,tJ89NhwE,bFADFxYx
njxnlXVf,vXiP48aL,f6FvaiV2,qbYmQtlB,mC8GUreW,OIZarekC
wmUD0RIB,FnXobBxx,lgM1BQwV,75r2OcH4,xNkeSckP,2LsbLHzG
07uUrgRO,PscCeTz0,wrqMegWk,HaBfqvbO,BdDBvWzd,Hxgz3qrt
aITKnny3,rhOfxEtE,A5FGaM0a,mABC7bXT,uH5jjxMx,wWuQl7Nf
vS0ijJ1g,NbEE2lqG,vl650NZS,oufpfDPF,EsEppboI,wUzOMu6d
CWR2J59f,7jhI9xCn,2grPCwOZ,CGz0OJD8,odevrrvE,3XsdO06W
oXPKxSRm,GLtDCkgQ,KiVV8IPt,LGrPVWes,X5T505AZ,3S8ZhXul
IRiRzqwi,hAqHShjN,3IHCIkip,2fkJsmTV,383PXjbF,aa1ba3xI
XyfOsEFM,gBaFTIpR,7L6akcGu,xhmmdDNk,0rS7WTLH,01VmBQAv
6Rrdespn,XHF1GpCN,BS3N4KSx,MR6XvLTh,220cuxqr,FObNVpgX
1LN2Tg4r,i4B3uerz,CLudx3QY,RdRYsq42,CcLse2Bn,HAl20bqP
fg3PMrzd,07UlAliX,ZoRq2taR,YNCLD9mx,HYkaCga6,6A8RqwYW
5H4MDkvo,BCVDrhdh,7Gw6akmW,BTRKethk,0C0PhMSp,jBnCcTpw
LFLtmrGI,Ik87J4Li,0hcMBJPU,u9FMltrE,T6pq2Ao7,9sKZmfQr
TNTwE6QD,uajvo8JC,rVKxy9ht,9ql09r2l,xjOnSVha,5MlxE2Ct
kCNioKX1,85ZwrPhf,rvHxNLsB,uwxP66cO,tRVfIsf8,kYhnzZvA
E3C4CplT,EHxQ4bud,8ZwsIiWG,TyeGYupZ,S0cae6A7,6cDlChCs
XDmgS9Jp,gH6rDgSw,WijjahBY,pCNFEI09,XbsBhyr0,WXsTM4Kg
2Cu6cHoC,uodbk8uu,336bY9yq,BmSgK4dn,Zetnh7rH,NQYOpNMp
04p0WFjF,rAZyKXWV,NhaeQ7QV,nJ3oBhky,PPAhAMwC,IqazEXQJ
pkIzwR8A,pPYdeL6d,84YXcKzf,XZznsWUV,aGqr0iR9,bAyvwbKZ
nSSNT8cR,7A4VUlcy,WkGhw09O,MQtK4CVO,b3ogo1VE,Kr2H6gBH
AkHf6XSw,7bSVrT43,TF8gLD0M,GbndRkJv,yBYIllE6,81wUHyFY
utdwB6z3,wudBRZyk,F5Pnc68a,pKX4bmes,G29ReHjC,ucyq8z8r
orAnRK2G,Mhp7qzz7,mJ9Ckaze,eVK7czVu,2Xb9VPgH,x2Uj4BMg
m6PVregT,1uCGbCkx,PvNTWmux,N9p0Qwm3,kUUxzJ1Z,EvWeQju5
hnTb6sLI,96kTlvqJ,XPXpQ0pr,is4XRj8W,yg7BNbd7,V8WXMw0t
IQxVzBfN,PVt4XaPQ,ufabvoK1,xYaA8dTt,MXz4zHa5,Fy2ltRXk
FC8ihxNX,Ri4mS8Zy,w3tX2reA,OMYMHhSY,84j3Pa8l,L8rw4afv
lEtQcW8h,C80EZXWX,Rd7hZvym,4GqJLGh1,O1LLI0PE,bYbHbQzc
HBGQARkK,CuKlX1xY,agYZl7kY,4w4xnMZv,UOTnZkfC,Y81KmCER
BizVfIT2,yY1Mv46P,KMxcLnUA,pUUep3rx,FSFMzk5X,9T30UX2q
R32c58ia,FxNEsEWI,j9gbFtK4,DVoIt22A,Ay54thFx,DvEUzycA
HJs7w9xG,AbE8d6Zn,25FJ7nID,JMnWFcD0,8DsNRVMM,UameVTa6
NRfSgpIp,xXaru4Jj,gxkTvB1Y,d39r4VTR,ui1uYvYr,T7XUIOkO
4U9P2nJo,1In88pKB,DrFhg6xZ,z9HayKsl,IsI2Bd4x,x0Rd7k43
ERiKw6Qt,kcozSO2F,xVeD4lA1,Ghz7Svcl,6Seq570d,iAq7SA6J
akSdjG3b,BI9s0Wr5,AcZMIXr5,kG4429Fy,ZXjnzdc5,BtULaiKq
FRl8qobr,isXp66xY,FkYx7cb4,X6BoTy7W,YYwuLxUP,PeBtgsNO
CfSwPN91,0gmxVECI,IZy5dboU,nnwmi3Ox,0u4Gfilc,NjLD0I48
gGKHf5pR,pEHLCKhx,8e2nbXOn,zTjEp8up,HGg9ibiY,V8CnrSMc
ARyKO8aC,XGEns3yw,LzWbNUJG,IDJAGLBE,Nlcjan7A,FJ71IzGj
KqQP5TQp,a8CyZbwV,HkSasXqZ,7I1GW2mX,SZxiCjlQ,Dnqu5Av9
KSmCZtXB,Wh16o5dA,l9XbFcxY,z4YZTWNo,vyHTVg7s,RHArR9k8
UXRBCu1M,jN8ojLKu,vifjNkMd,L3zaHPrk,4r5zu3EZ,y51R2fuZ
RHe7hRNf,MF5RM1Ax,62rZEvNK,BsnYlJpI,6VKbAbJa,wICziCZG
6sg211dh,1YNOrpsD,vRirQvCA,suJS3ZOD,hio74oET,Fiq2shpe
zkfVPGjF,4qkKfiM2,Vhh62v7o,pw5kTp0K,ywdQBiwO,JUaPBj2p
utgiCJ8H,IlxBI3x0,NjYrmev4,Atguj8ag,PfGJLTCi,9UfFCaKo
g935xbZI,f6zoDZ6Z,PPcYTb03,ggn5ydUF,dlxt86Pl,NOPMffAt
mVlhUC0S,HTdZJP4v,mH0lxCt3,C68IfbX7,3z9kZBMU,dGFT4UtA
ZIuIGWQq,ibcnXiKB,a20w67Io,EFl4bIIN,Qj4lEBrh,QFCQa34D
5p6SPnv6,4hXUwHwK,pyKoZ3fv,1zXpFznJ,0MN9yLRW,MbYc8ogg
bhvSR8eo,KAXV6Djv,8LcvX5Ts,aaLdqygh,b1gwqRgo,Mo3Cx2n3
r2kzr1O2,4AKckJJL,pLgKxGYo,YMa3MZu1,8PBnyWe2,wWFbdOuL
JZssKnNo,s22gJGMB,9TFXATQs,7nvzNNuB,VHiWKpSq,gloeA2Ba
zAqcFHMB,cCZzBkNC,b7EEbYNh,KlojO3Fl,90NOPzSL,DDOKohyj
OZeN06Ei,ZEXp4UR0,nD5MtcWO,nqLwzKPy,ei2lgl6t,gtlBhvU4
C1dp0GVo,8Z8Yd4PR,DQSaWII8,hQ9zB9dq,e8EWBkpI,mdiI6f2T
DnHWvpiR,pYIYgoYv,nO2XHwDu,Y5VpHGAz,Vrxotgf4,M0mEonbs
7g7uLAC4,xtFQNjYS,2iAp4HNA,72LwPOat,Iyb7vZGh,gRjkZkg3
hdYFI4Oj,rrTNa8Rf,TxpH0Sd5,4LDbqc8b,1hlAYJrp,Qjw4z48n
Av5qcJca,95qXcmjC,cY7oiA6X,wz97JMdr,GWNaudBG,bTpE2hUf
sB04MC90,KwTFnJt1,W8LWD9Xj,yGwIihEy,qJ7pIyCx,ycLpOLII
uFDOjLhB,J1HMOJx1,dSdsABZb,AMI4BIMt,E5fwfAJC,WswdrYY5
OqqCzkIg,XzPVCnC1,HVrdFoFF,kQ7AoB0P,JAUFa6b1,Qux1IEdF
7v6fHtuI,BACnxAs2,vEqplyWq,emGg32Ku,GNLJVoJb,6Yyp6ptx
tAITXfDy,mQ1ik1Yi,cxEtRv2S,hlvHk6o5,lxCEnxtD,6G5vS553
QsdhrHbO,Bm8xwTOd,kSfdjwva,rQRlJTLi,P7xoWFZA,F8qNsSfE
czJEcS6C,fDpCU2fv,uZk9bRow,ApTaE9ES,lsLfqKfM,Stmd1jNt
IAGh8rR2,cDzmmTyA,o4x3Lh3N,dLmI9FZd,Q8Bojpux,b0Gsn1Kn
zNgdFfkK,E7IkxjAG,ngVoJYlf,eRL43r3n,ACbe8RG7,zZqvt1gF
vuHKkC2g,xbFM3Cal,BO9HFz4d,cKoGm12o,bPLuu4kk,kvAPDIf8
pJ7ONWl4,aRayZxqw,O4rNVp3x,PGzs4Xq0,txDl36bU,1TVC8aJH
khOh2X3g,vhTm8UzN,63YhXYDs,KFd9zmv6,gc8ICsGN,Ur2eQlt5
gJBno3Un,PoR4TaEH,uQ1tNuPA,7BkwyBEi,BhTHfOIf,qLq8LPpH
hDfbno37,NCTHGblv,HeMujGB3,IfrRf6yV,Z8HbyyxI,tjMoua74
wfC95Ai0,7yShc4uG,jJRqC6ip,qaicpNqO,s96hF8DQ,tKQw64Ae
AdIe69jU,65TCtnck,AKvXMGLH,BYBHloDk,ZJxSTfZD,JmOx6Zt1
py7aKZad,BMvUEYgY,EdUWklsM,fXXbi8FK,XSv85n8H,uKffgcju
7wOp48js,x50C9nFT,2lwJ9Fnh,tjFlmVPq,57DsqK2X,kQgVxnwn
jPVhgzBU,TDZ2sU6J,WiSiMwDs,icyQhSZ5,9wwFIwkr,ZojouEZf
MEAWtUhQ,PhJNvkni,w2m70g8U,gJ8tqnxN,fbtLMOGJ,OxNlUbpW
q8uguBSf,MpUv699v,yzLILK6m,8BV8aAAz,sBZXlQVd,7WULJ0D8
2i83asWr,8yOtjJVK,psK2ohMg,J7ktHkK1,ikdhK2To,r6tA5t9a
vkdVgbuZ,up9sg3Ki,CeqFxA5L,hLmVnzK8,O0CtxQa0,dbHtVXKB
SpsFPgCw,tWvqn3Y2,89t63Esu,IT784vwD,pdH5Xn07,Ehy8CjeX
n69DWkxK,Zo2QwNic,VjJkZozD,8nYbxsOR,thjbSnty,qX90kk96
N4Ivytyr,8Q3CBe1O,hlymlwXl,75G3Cq4a,O88TBQnq,mzj04fVS
kiRyPAvo,S3kIt62Y,D4vBJ0UB,SNEBApJz,i9K2seUb,TeblRJAM
L6J4rDJ0,I7zjohhP,gDhAyvmE,7PwIdAh6,iS1h7afQ,V63JINfF
To4zktAm,TVdeG3qa,5kmJBNTl,CVgx7vbv,2sfi15sT,bdvSQ1Ev
ifzheZ16,orXYkqlQ,I4ck5XjI,6RLooTZm,Gwh0tQpD,VnrHh3Oj
O2269DLD,GKDc44B0,cnPQsfpZ,PHQskEc6,6L2cZeTr,Nq2H7y1a
mz6V9pwc,kMjYdn2t,87d2Kx9k,ErHwFkLI,Ta5wOLNt,TmcIFVSt
h8VoBgBQ,buELN2hu,qeNAUUgt,cMqsWmbz,NNnrg7QC,jiw0Y8pb
AOIQ8sQy,N98SE5kq,xIdtNbr4,N9wnmePR,zcTRWWi0,4MG2g0wc
L5pTKSgp,c2kDFhdU,cbzeY2CT,iuTBTu4c,kFLRqoc8,wAaVmsx2
8gqfj35V,DtNXueV4,cz0fuqnt,ni8wGdkq,Tbjb8zgD,stPlZr04
at0aYbRY,FxVKB6Pk,iRpmyoqL,gCAjMKd5,IvtgVUji,FufLtw9O
6Cg8iUEQ,vMVm8mt6,NplPNBpT,vw742D6y,86TlEzr0,S2lDhQGa
F7G30rq5,r3O2T5FQ,ZVVKTR2d,fK9LCdh2,DBH25rQN,l5NYdzfA
hoaN8aEi,8tFUuVJD,Adh8bF4S,AjNigwV0,8i9cgBxZ,CqWDxbmx
fyT718lJ,5RjURwdZ,Wx21MaDE,CXcxupWX,refzeHh9,K2T3LMty
iCTOxVd2,xrTSt0Sa,PvjVKKgY,Qy5IQIrx,1vIssiNT,Muhu2fGP
bAS4sOKc,AL0iYusE,aLoHyrEB,aNoe01gn,EN45MFPz,9aVLOeyJ
dMxsMluC,nUdOIWUv,F4XGmrSS,tB70eAD5,b4oWWMY9,c3LTqZs3
vPe55Qwy,nwxu2UPg,taKAUoBq,wgt5xlQW,IEZyxXHr,0A6Zdfr6
029bvj2J,mM8V5NKZ,vPzZlo5w,VUI73qbi,wN8NmJmi,RUv1y1zw
roG7hJ4I,alTA8R1R,7dcpEFfL,Rr85QN19,kYeBqpxd,mLZh9pzO
gXFGGemx,JhtSu7UM,sx7nRDRi,a8eDeJZU,ijdKzOAK,72NTVYHf
0GU55asj,sVYcdnRt,Dr1jGESS,7eQUzial,f2aVdtlv,RukM7ueG
iKmGb23h,eUaRQLYh,JNlEF0eH,YedvaAX4,Twz0klyZ,TtGgz2Uj
8KKJdrJf,sY7VyiQt,y2TealhF,LSqyxgOm,zkMabMAS,YhkUCGSV
qfjc6lDn,7eBiwgMl,cR4soKry,Oa8ZFbfq,ErZck6sQ,5YnBXlPt
oW6jQQ7Y,JO9YSe2U,Ogl9HFZr,oAcFHbej,nLxlXNVY,RPpHLOMt
KARG5a2o,RC6mA4hi,Mp6zRTVF,8lqSBthr,OiC78Pyd,0kUx1Y0T
7IsDGOJD,HlrLWfmM,c121Ck4z,hHrUP9sp,x9KP9IMS,Wrn5kLBG
OsuS5xWV,udgFHS8U,9G3wkj4P,WsriCilg,CrB2P6ah,1EJutq1H
yWVF7kkm,qUC6V0Ds,68ahX6zL,PzH7K3ak,l6frYG8Y,B29jwS7f
h5lLNd2Y,EHSwFQoZ,wNHZJI1l,SJU936pd,YISCnFNX,hBWLTYOO
22D0usOe,sdSdkF8N,32WmEaNR,BLbfvsCk,8Q0l2MSc,TdeP9Q6W
O5LuItI6,GoyWlm6e,973AxpAQ,leVYqjDt,2LtuyWdv,OLOJntTs
UNoSTN0t,W31zTIMd,HwwANTDh,IFgUnx5B,0NeJPjOm,fgmEzCqE
ByVI8qOt,sgeS0O3D,1uQkxaCv,UVSJDjYr,CCm6V9Dy,NFLNVSwj
nUK8sp18,nQBbfnvT,BLLHt3wu,iZ8NaVpx,V3aK6pLX,n43lGA2R
JQcFkZZm,AEsHtCsP,v9qRFiwb,FGkuacFI,IRiPwtW7,tJp7OBhR
AIFwIalS,Tyld2vH0,PnAxybPA,bfPgwdTP,PsYldp7l,VCuwYzb1
yWh3W78F,Ql3Natr7,HJqahMfG,sevv9lFX,xMs4Y3hI,xsWbrn2s
hBo7yOzM,TH6rIsso,vY2A9p9b,PYgil21g,42gzd515,Gg3wAY3p
Ed8aFVNH,noTtSdMU,zZ7O51kH,ArU9kBI2,Q1PYBYJ8,c8IWAAS2
rFeh0cCH,wlbv8a81,d2VorVv8,3uxpQkAQ,1jPlEY6l,8f0jCOtb
xLTtRrq9,lUpRx1er,FvvYlOMq,pAmikI6v,3StEXUR8,ZJoZs5oF
6kzeI5kI,yeJghAA8,uMV2Kv3p,ZNiW7noQ,L1kEdyXj,zJBwc8dh
EV4Guxkj,GpK4FZdP,NGkGwVua,9NVSjGZ0,Mr2CMvM1,D6Sf8kd1
W6k4AfSR,Q1LspIVL,yKJTWBcz,B9G6I70r,WpjV0i1M,ERwDMIPj
08uaD4zV,XfR2bFnY,DRVpB8Ff,vWImKu1y,fxMAIrGm,yNcVJVtQ
ppF1f5CT,8Af2Obx3,sZHLsaE8,DbfMFPAJ,scbv5GTe,Tc5I9vIE
TrqbmTma,DhubrVYe,9W81rMi6,3VaJOwY9,6QF3ZwCw,0tSwuLFT
ksGVdZYE,Lz9lLIvk,zMRzOL5M,FizdA6jh,EgSIBhFa,43FY4NbM
6OJJu4HC,nWVUpjgS,GgNvwUZj,rE5rUWK8,RuQaGpYI,QevIQQik
yCfgGY6t,DeWwLBOU,bG8fkj1k,IbVr6TGr,SxPbcC5L,FqLPn6EA
LEWxan90,aNrjKxiy,ZSE2UDzl,oUlhSOa2,8cF6o3PT,79hpq9P7
2zUr3rBm,oQwWAnZw,hGuKm2zg,dZmPlOjf,zTaPvMgk,Oog0FGQX
Opw6jlJq,D5zsgOp5,7IlIakLU,KTPpRHS6,C7R6B2F0,BVq005ai
uGkiXCMd,8tT6KrtY,aszFGf29,8bq5s5RU,icLor3jr,V3aiVV2d
2zIWFJiG,8220SL2i,EKEhgrQD,JVudaAo7,y2qUl9n4,dQasLIx9
MWxDkE0k,qtxh1OCr,5eY28kuQ,zBjShmD1,75xJe4C3,pmgymwY2
e3HofpVr,zoSUVLd2,lJfd8Fmr,jKI0cjR6,aHv3KLY9,GuviPvAN
qFcOgNAf,ZuzBVjBe,9yEgIOGr,XYNhnVi3,RnK395TR,kldFdNwS
Z1XmT5fE,AYz5IU4A,QxS47yVm,HlMUN5H2,pckHjvdD,6ffLzrOB
KOp2ftDX,GJsy4UbF,CGN3Awjt,lYMfX9LB,pGcpIJDv,pcYNTBBx
doT4eVnT,ALXkHTL1,bXKxbccV,y71s1uqZ,0rrwcgO5,Q6cUo84t
qtr7nxBn,DUXpt408,gRQVvnDL,JBhbRVnl,NG5pT3we,3UUGZGgW
hIe8ab3K,TR8nCBwK,YguBSAiQ,V2XoZtrO,Qp9KQoU2,yjphZqnt
qARCc5UQ,ofFBTbwH,bvvNz4T8,VDa3C8J4,uTFt8qIm,P3dI6Xn8
pQ6GtcrR,Ev1Lc2de,CfzKa4qT,zLfjlmx8,flnV7Mou,FClapIxP
gTIDIOV7,ytT44VqZ,TpmwGfEw,55Y5zyR8,6ZyMR98Z,XWX7I1G3
b2tThfV0,RAERnPVO,NnC8dHdZ,65OmxiQC,x90dRqkr,ct5LYR7h
TEvFsyDD,BcN17oGk,JEMoyLJ6,SISwv9RA,Rw19a4P2,A1PeXCP9
KgcckJUl,YSyepTjV,EhDjJzZj,1Ot9H22R,2c0z6PHn,wopHtE7k
TM8awjQb,3DHjDdNy,JuAKZfeo,b0wcAdtD,mPd4W6kE,TohOFroe
fvSeOXpP,Cq1W3483,VkOU6lVx,kDn1FGJ7,N6q1VJNH,LY00lyYs
0yoD6n4d,1c1SdODU,dP4kLpWQ,xdyJGbfF,eCqmMDMa,dU9fMtna
wmQ1Vknz,NhFAeA7B,zZAQsAVX,U86TzoDn,HHIBOtCN,3XzXHxiN
kkyDd5GL,FNrUwMEO,3KHDdL3Y,yNzhM4Zs,FNgvDlAF,z1lg7Zdn
wWa99F0H,DzOjV7b5,pCD6ttu5,Jf96oV29,M8DTatbN,ILoKP3Bq
K0DVg0Pk,UMI9IL4f,bN0hgU3I,nkbCXysT,019FJSXT,9gXMBmBV
alyphr2c,Qj64j6fb,e7cz1uDG,M8hKxxOE,JYkCPY8e,uGLNllqh
8fkL9xzP,KuA3zGDJ,IECd7HGK,fLECepxi,dASFhh55,EMQKv5In
M2An1CpV,G4nWoRL3,O5zAHaED,ifMp73Ga,zUrrc0zP,yXdDiTTu
LWQlZZUS,IRcgqMfH,CCS3yvjn,5afgYxuZ,nhmkFS9k,cUqt8wNV
OofGQM6F,js2FJEup,caVUDMWV,kyZj17OR,DLYG88QT,8Gwm2ota
xFd0YH0D,xrHEnSD1,QllLeKSm,fxoay9CZ,taoYrpH9,ciMWxHHv
sQiuzYin,dBNUBdst,322eHuMn,wUgxsMro,iMyZF37L,n18z8xVH
1nrvUYDr,f1RNw3zT,8zH3vaj8,BpMj7o6G,KfNMRTIR,SqWyyyHj
5ab5afes,Kl2mhPMR,INcZdqU1,lZ3XLnST,w813tUTY,jAenym8m
PxQYSTtG,UAGeEBOA,Tr0Rzxb6,wgzOVYoB,6u3xQKlR,h4kcN3KN
qS09i9kG,Q0hwTA5f,Xnhh6a7b,13VqkExL,vFoifHWL,dkFLiLtO
T8Gjzzwb,flu8d138,B4JMtTKy,NPoaEq9p,OoRgXewS,siBI6PiU
206kdGWV,LmZbGNy8,O09oKIkS,Dx4SQX4X,XsE0s6yP,N2wqwsY5
d4PGfhrz,J2U7jLrC,rcaVXgrx,BHuLVkKb,WXD5kNgK,7K85zZvS
PE6sHSpf,uAXsUBQw,RsOMNxdQ,cPwfxskU,cCFbXvVz,dzdQTAKj
dfsnqT1j,xruOnAr6,zrGXk2R3,UnUvsgY9,Tx7IhyLs,qGUtRTe7
Qxeka8gZ,raHutyQ9,9VCPDIEd,vNGtlpOb,S1RHwgjv,xYTYmZmd
1jiXd63p,Ig2izmRe,NoC8nba8,f0WOAbxP,cHHGHH3A,WGS2tlMB
MpQuEvz7,S3TJoVP8,76LFvm4P,2mIw38Ae,3fiYV1yl,3DCD7p9I
3BzmrKSE,xJCnJOiS,s7h7ZAI8,xqmHtq95,HSSBGgtn,SsIvvzZm
hLSFgk3M,z7mQGySL,49fzCI1H,qY0xqe9E,qWxD25C1,yw1EQqx1
IOCsV4bW,oaijqccl,kcxxYn09,ciDKxIlF,h8IHkBRh,5rMkllb2
paE3KRDV,2QZJOAN7,kXGTCeLk,hxgKg1ac,ZN2OlafB,XflEYSbd
YnQ1Rcs4,Q2ziUhvT,wQqRAmG7,EcerAMTE,06RH2Q2b,p5mrQEL8
Q5uTM6ii,rHi8syEz,rh0cxs1c,oIc4Dhux,YB9o1y3c,Zz874JHT
EJt2FjpN,As7dDlYJ,uSH2Jgbt,jB1ZOhJu,Bn6Tl1gW,UxKvlVoC
B7rphXMK,ubHL09b8,hUJoa26V,W57QqYd9,YToba7li,2EOLA5Jh
hlSZyZXu,KXopetrP,VcgtchT1,gURtScfX,MdFRpUMp,2Oo1erIB
pLnvjRaJ,NvF5uZrN,qcnXOcM9,k9FyM43j,2JNNPYnb,QgBTkV8C
LQ5gZRqQ,Q69pXYs3,zLO55rYr,LDl5asfB,1JdurDSO,RzG0N11L
dMQ04PsZ,YAuAE3Jz,b17HLhLy,xelfhKOq,Sq83EbL6,HkkS0ulO
4MLTefp7,dCWXfpdh,mTVR5waD,uixFZHGY,pw4l9DcL,qop6BgaE
OzC2m0nF,3pZ4UJCM,2GqsuC8W,hFOxwsev,6Qq3XHi8,ObtFEp9i
2eRw6aWa,eUD4vEzM,yAw53fvC,D6OQX8Qr,E42QWTdV,tPupLlr6
25DPyUkn,oiiX5L0H,34cwyIsk,gpaRzORG,QkaWxort,4bQCDfQq
4jvI7k97,UyMtURSi,IraPPf3p,PBCslcGt,22Xql2MX,uhRxR74X
BEHlqm4B,oFB5XOSm,HpGLlhVH,juzBXOXs,6raq71F2,8MCLbgAK
qvwvCkq1,llTnoOUt,bASxPyo0,UEJrfZSx,H2A7jybF,EZ9FAO96
O0CopCuZ,Y2SkDNoL,D2wVnUSL,t9UUHyVu,h7cYuLII,1ynVjr2u
V6cicVVJ,QyOuvNRg,1HxLBpdM,g8UB717U,BOYmufpd,31MaBtaz
idSLQYSJ,A969BryJ,ffAXk5MO,LVXZa4bh,BlRtL1uZ,sX6bZRYN
vLCCyRJh,gU3dFuDu,TxHQ0my0,Za7U3Oq1,r2Dl5B2F,paTwEUUT
IKXMYD5N,fd9G6vvB,gfL4pVCY,1qVWYeeh,7UzBLEmg,zYbzuwom
IyYdBJpF,Nu2OqjDh,yxzsZYQz,1lsFJiHG,INW8ajVK,asqo4g3D
KfbbEtCl,fM4KwkVb,S52ti3ua,JbChZIMY,wBoYL0KQ,zskJrZrf
GEkrIVqC,2ndDUDZh,9ZNsv5yA,O0AiTpcZ,onD1FC3y,iS8fgMY7
BXNh8ld2,JP0BdTbP,5cngPADp,QFkaPEXD,RQlZQc73,5Wa9rUgv
IRdSYsDQ,gK1hkxNQ,HfPgYQiP,qcVDyluB,0V4yxwOu,0VNZyaFz
2zkq5Puf,aD6jSyco,ychrUSe2,8Zj3UJtb,89gHZ02G,3PsLxnAs
oagX38dm,bLMBZjjO,TAkKSW0r,mlFA8XgQ,fvIoyXCQ,miQGSC18
CV7fm6fO,qmLzSUQ0,3RF7UqXV,s6jjls4K,BuTeNJPM,zsBPUdSs
rmMKn4HG,fMCgy9Om,1W1sBFVO,pKkqMkW1,Mygobnss,ljyRzn16
jxYe6QHu,aZizcwUz,VU502pPZ,TzxcQkBA,CoYggn9n,c8MjaMbj
Zou5utEI,EDLsdGyi,KK2xxG0s,21XJrJc1,pvpsWbZZ,m40mDKmW
pkEomv6u,7tWvkcf9,f8LIU7OC,Jxkl7Oh8,3cNMtNOf,7y8gwFg2
6QTEvf71,DJQKwMAN,MWzzpibF,DRPgoh3E,LR2KPMk4,x8qQhUZt
r0MMDBvd,LzS1CGf9,jmAHL7yg,GxIbxfco,ERRRjTsE,ZMzJTnn6
dBGDsClH,w6PQHnUA,qSmhc188,u3uiAr24,WXe6KmpU,3U74tVrh
78mfE0Hi,VSmhIbyC,kBwXfwXx,CIe8mZKP,5BxsOFDP,uy6oSJzk
uCfCxfG2,24mfjPPc,ftMKUmjM,K3vImfLc,FMCOGDuF,YX3qVGjI
qwtd3qgn,FnLGq2Ly,KBrF3NCB,lEzvnDZa,aKG1vOsH,YXf0f96g
NAGZg98a,KNz8Si9M,C7iSbMz7,yymrIJnx,WerwcX3z,oMUlAQpv
3EKOZKfn,76PPXisJ,59RBSERy,BVpQWHtB,N1WbMdkH,57DLNogL
Lz91qshO,1nS5LIYY,WwljcQMf,q2T8F4QU,MV0UUkvx,w14x8k3a
z7vwm7dN,DvjrvfIm,woA1IGRS,8dd8NPg1,iSUIQr1Q,I9nJh07h
K9YFxl08,8OTBPLtq,uz3Xdv6G,zkezEYve,nXAVW5zq,oviiHrGp
Peg1s7GN,1bs37cW8,vm1whiW3,9hR61jiU,ZpvnQXI4,UfZXry0u
kFZToMTV,VNgim8gt,gf12WBZo,wMBgXQhC,AWc5G2kW,OVrepCQQ
kOE39clE,2D9p4fU9,Jzb7htHl,ZuD35yRN,P3iRNFNn,JkKwJZm6
2YTxanBh,Aj5LrgTr,sHy3IWVy,XmLaVYZf,2tmmEguD,Fk8ePWSU
fzjHuAOr,p27M59wS,bsBtsZtM,rh2aMo6V,FURM559p,qSBSyccj
TFIUBFNP,qMbp49fu,eTyYaxdZ,SBh31E6y,gNYNhswP,HjOlInAc
SDOwWGfv,8JY5j82z,GqQb8SBZ,c8Ejivzr,fHn7vvPn,CN5I35Wg
71q6eGtk,HWVDV1HA,rDGfsa8O,7e8gKxR5,zUsFLa2r,z2tAoiFb
pTi1Jh2p,qqDXfmMP,ZLiMChR2,g2pKSOvL,o1w7mWz7,9fxWsGq5
qUK6KQG3,7clGmOWF,YiY4lsXe,4ruLIxCo,1OtGAlWZ,59mKGjMK
DRfJd2dW,IIHycSI1,dc0qknJD,kPOEY94x,MFePpLDt,PkYo0P0p
zN7VAqow,OjhPCW24,kwDY4ZSE,79oDAfUc,mJ4XMQZN,6HpkUVns
GyBlr1Jt,FzrjMbi4,wg44Lwym,8ov1b3bw,eRZfVCGs,8UH0Fykf
D5aEbXas,Yim0DDbK,0ui5CJQB,hxHVfuOI,8ThuqYAW,Tp6PdqTa
p42hE70Y,8QFydprI,nr1qcG46,qHK6fQQQ,uH0T7k8o,xMbqHrZC
CKY6j50R,DzZLRcHc,9LdVtUSL,dzhO2Tlu,ctTchxqI,PfmQHMhi
3hcALtwZ,PauJpmh8,LVDv5SmN,vmCWsMM6,qb0lCCZt,jDoLKjg5
FzhWTlXE,arcu4c8r,AAdfjeHJ,ybJnnbcJ,tqM8Klvg,tRL42z1u
Gd3SOH3K,w4n9Iw8g,yswFM73q,5sqmBgpw,4zzf1Gmk,lKJUXoJ2
wUY8VwwR,NNp9zsg0,B3GFBzWS,wnanG0D5,mm1JcQcN,UwZYlt0M
wsmiTTxq,HMmRD2hL,pfTlzL3i,bfs0AbUj,14FVU5HF,OdqWbC7e
sTqm9Gky,sDuqeoh6,rgESN6AT,Ty5rDxbx,XZL8cWh7,6sbStJFP
E9Oy7kJA,WsU1IZKL,CIDteiJK,q7heh0bY,BXzAQPDv,VAog02p4
Bsb07SrD,vEfgfAWN,DuBBAd81,ApePof6G,36rOO27d,kfSoD7EJ
F0cuGTFL,Sx9SFoAM,fVEU2dLj,GNmzYewh,7IGaw0TO,4aU504Ho
q67K4gmK,NQay0XQ9,CC6dLQPc,Sbe2Dyyf,FeHT0AG3,d3F6VA7o
mGAN9VZY,oLwLdURZ,0oojWo5q,CWVdO7y5,LOqXnGMk,nKMnAs8q
jp0X3bne,8tUWZSOc,fCJYzAjU,0JD0wszU,grNe6paq,cpiK3xAV
MystVPV6,VdSnTAdo,Y4ubIG1p,WBFRzeGx,tqkA1JMv,HrcvrDK3
UItfhMSi,ZV02q5ma,Z5QDpxAe,MwJiIGH1,3O6y6DDP,4FQnCMN3
1SzXQkWT,IRlOsOPE,27grIxvH,wG6LwqRZ,w8cnGS2Q,T3aIt54h
xpY8M4YH,4jCWkpWM,BUNTJknM,ZSXvrwIE,gTGo4kk5,cPwTKFTk
TzqmUpQc,KSgBLG0R,f69dMLmy,uLCEixfR,pyVFhZ8C,z05JNxja
qfTbPmnj,xPUEeOr0,sIJ1YX8R,SfR3Jcnu,j473j69V,pWFqCPcl
Fvf7OmUj,FdtDjdiR,AVsqok8S,kK3BYUDn,OSIEdpR7,UImPWqo7
fL8lAlEE,yStUNh3d,Qz6YLQEH,eJpil7UQ,Ceij7PeH,eOYjAqsr
z2IPwJVY,c2vXFDVm,MIcNjuno,r2UpyJEs,pW2aOK78,Uo878hTv
jzAyC8GD,NTepZrkN,fs0gHBXC,uq62y5Pt,ZiyNQKx7,zoJspvUm
kpl7Sn7S,UgJQh2sS,ADQQ8LTS,XhIg9PTY,6EuE4m0S,HJ2xLVL0
gf3I2Z7M,cxjGFsFH,TWdzo9qN,2KTsiOPz,5YoWVX8E,35gBxwDF
YS8mDzzP,3ls6QV6s,MeWIQiVy,8tNAFdfV,hXdvBFxw,k0zcv6Am
5m94czV9,m6YokXrb,JwZffYjK,wUh1tVxn,PwqHFetx,yw3KNUXH
622CEnJ7,ImRvJu2w,hcyBsfHW,w6V62wxn,G7AOmm3u,kK5P6ORH
9bfcJk4X,GpeTAKHZ,tk7e5EP7,2YlOFI7F,IMkP3aTn,zADXHDbt
fCE15dR2,frTzNYxI,wNMYV2rA,ZVNaypcg,3VeA3Oy6,11VSTAjW
FpmjocnE,gEVovpCK,Gasi8aOC,r2ayFUdP,aNBGDdIu,UkLXhDBB
3mjbwbu7,M4kSS1ib,ACRnpHh5,nH1PlVBG,iBc7GJqg,Gl4xOrlN
jW8GtABK,LdHErB2y,5cZeFFd1,0KNcvIkR,iuowzPfU,YPNqyG4p
RICW0Q8Y,5oMqB4rq,FNbT6zOd,1DqQtNMc,gZND8kJt,WMFKgZgK
XdXTHwBJ,gyIWOexi,0n121n4M,QPwyn4Mc,7xFZGYOg,dr4I2mQ7
gxTdHK2Q,3RRNpD0v,2W66PCKa,KstukVOt,efOFUelt,yJu4YbDB
KH8RyaYP,tUw5ZzSN,sLO26Wmh,dmBrC9Aa,oEGWEXk6,PPrqEBag
lvrb7qhF,oPGgDU0L,BiC3JQBb,Y73GGThO,9DuR7JFj,HTLp6jsG
T68Y9GeV,AXypJ3ef,kPeHnzjt,BIG2bbO5,SvtMxqCn,kAdtDLV9
FJFbURfl,hB6UYSuw,EX0uqNis,KFD917Tv,7qotzbLI,4RmO0oZ8
ND5AGPof,6LqDryFQ,LVSGzNMW,tKmuEMqW,DisQXPQ4,LfXP3Tvk
37ErrGyV,HrXTpadE,PdTt0lgY,9uUvq2NN,5XC6CYGk,QLtyRwFU
ZiUMy8ih,NliHrfAc,A60NXAB9,QGYmJhI1,vAyUMQaC,ZaC6wFLN
sWuM3sSV,xlE7991m,QoGhgQU8,09OTyQf6,WlECGTWn,WoR7Adsx
lW2jlhkL,VonVTrk8,5gV57M0z,c4q28VWH,fMKIxDuM,8x20wzBq
tyM0xNJA,1f3aN8jE,It7adszA,vtZqg3e5,4HtUbbG9,9seM6Z53
gnVXLpEG,Ht6zsGS0,eMYH55VP,OvDFB7ke,Kdm8NWkE,SYWxZgm8
zU1SIIBI,BzYZm1C4,1gVpzF2C,XTs7FlEU,U83aOyYb,f1ZnhLfF
m5sWHYJl,kR04JM5F,t5qPUeDD,gnj8fFiY,HhwFSZzI,c4pMf8kc
fE3eZTDx,DpQ0Aoot,A1RhXgup,UfVgSdTR,aFdYesaz,UjKtgFG2
DU1B5lEk,MxBhuVDA,6btR5rUu,2v6ASdtX,rhf8rkhF,KSLntzv3
NuNbH2FG,UarNBHEX,HG6TmjUb,ukC7BFx9,ldVYqsgJ,2tNVBwwk
R2CPXTUB,7ujjShfm,vKtNVghk,JEg0VIkM,K5OCw3cT,bYJouL07
U7w4EMxu,aFyYyGSh,pOr1kEt1,JaxVrzWE,kOm7PBAD,xtv8fume
gokFYfRq,v71JhgcB,tjSCvnw8,bga1JWln,yaO80XVz,0oshnCjB
SouvZ0ri,NyJFaaZu,gNTcTt6P,3sKcctem,8OlUd7nK,WXJPGvae
ZIqb7AYL,UNbek1zj,uEdwBII9,Qp0MDbB6,AKDgfDsd,x9A5xYHp
wYRftjiR,zRnlnaA4,JGYs5KAV,jogApKBZ,SBJ0G9FH,HQQB3iul
qVxCZ9ub,et5CMvoo,gAL1j23S,vCZYAliA,XVzlDpLx,QEnjk2c0
H0BWdqYC,yyPFLZAj,tEgPr9LJ,uRtsT8Vz,6slU1rmD,OQKLQNKQ
f0pwamBs,pPQytqsa,bIFEkDI8,K8sAOkxh,53CO6JHa,OpriQ3Bc
ejWujCLG,r8n5c2Jk,YOkp5QmU,AkYttQBr,eryyt2ej,bK8D6XA8
seFV2fKy,1nAHZF00,AWrHruPy,eAJwHmDd,SoWvQNjR,BwTx9C0J
ZIJ0p2OA,DhaXLDQF,BkcHKCWI,BEkcatOc,BzNkxIrc,clU3UVlp
cXjiE5B2,XaheYh3a,zt2Zljn1,lO6Y47GG,AYUzPbFj,Zkib4vcR
aR6jC7Nt,WJLv7pic,YLgviaSw,SaymPiQY,gR6a5XEE,d6FR5Cl9
RTJj0FiR,hOM2zYWU,oHWSqHMF,6tZuIhC6,VV3qFgI7,QDVOv4zc
nATi4VLi,v5xF97ye,4i9Zrbga,tICvKZW1,Rn0d9Tr1,OyOusuwF
Lk1ZP6RA,bpcecmYb,YDfdi8i3,EkWLuz3K,2QmkA9Ub,khUY9XfL
puBhNCl6,ICsnc0vy,hOWqNor8,AkdVdy5L,k7TCfT6S,ago898gE
m7HA6yni,vLLAufYH,Maj0cqLd,feb3ZrL7,IPHu2CiC,yGw8wYIH
sTvWnnc3,p9jcyPO4,bOM9WdyK,gvT3MQQb,rcHxyEnx,ROEscmT3
Ji2WwIG2,sQj05LiZ,JqEkTwvG,0RMKODWy,86IY4cy2,jiZ4TxOo
WFRv3QIk,S2PC2hhY,Lgg5rYET,JYDY9xZB,ZLYlubIp,pEjob9rf
nld6rz32,RTxLvozI,hYgLfwp4,QaogkbUi,o5MB0QCj,OSPVm43T
DRCYAkvk,P6co3gy9,vMSWIsZj,HAON73Lu,zChIIXzd,464u0Vf1
799Q3XTD,g14AESZS,J1kA28gQ,HYDwupkL,zsD1nyrQ,2XSqkrxv
FqHSAwoj,AiEspTb7,uaGB6X0Y,x1gQPSld,2SrMSvtk,aNO8lKRu
f9WPx7PN,GIz7geZK,pTUZxm1c,4GBftwlR,4BHSJvbG,55Dd1NSp
HdPXD1J6,TOX32bz3,Tmb1CRcX,rzF1zUkB,GlpyUCgN,v4Qq4g57
vGNZgI1s,FyfosfVE,mxtNO5dS,CdpKptlp,eexMoHTD,XSDN9hz4
74y6aSNO,J8RJ7uiV,L7QnXcbR,6jjbW00o,Mj9jZosH,rhmKHTIk
3sNMRgTV,KQxZaJHB,YaD35q7Y,FmOqGkWf,gmHvffdE,k9p5SZTJ
3vw7PwAc,Muppt6aQ,PN4B4nF2,YFOScUbg,2IQBnNCQ,Y2AuqhtX
H9luCgaD,QyIjAWf2,vQiLGkYh,K4ncVZlv,pe3uizEG,Uixho76B
vk7oyltb,4oIq0nR8,emYKTKsR,XoF4rSPC,V1AFWlIx,GNRGe3YH
gQl7NPtA,gfEzPP0N,rHUlNegr,J3iS8wgK,8kFaRAmI,v9MgpZcv
9ABDbEFV,JsuWXL2K,IP9P2qI2,0klmp5Ys,yZjqAIFu,3lXbIhLR
4cGW1q1P,3Y415DhA,xWGh2XMP,yg9JY2iK,PO4EciQ4,WdBbu3Ao
X5RpdMSE,FfCVKAiN,1Do9dTwF,gysZO6Tw,D6WxXioT,ADt3rd8d
ISbhGbIr,5Uip8rYA,JzeNWa4l,KpyRscKG,9Ig8sa7r,Fnljgd4V
NvwRoIWl,c0toq59U,4hh3mcSF,P1cD6nHu,sabT6OmM,nSbwSjLt
ASb7vDyl,H2cPtVN2,jNYQn7Hz,jNIEz7aq,rVZLOINt,3s7jCGhz
u0tJ7soC,cWLCOuaB,5vg3hO0Y,8gX14a1G,UjLEDcbm,6iXyVrxp
CnD7CbJA,eoxMN6hN,qmYenBJd,UMchKxTK,M8mOEv7h,2jB1od6K
oBBKMDCc,WlwHRr0X,28d2xGQH,oiNXvJg0,JoLPdxZn,OSf8eGt2
dm9wQjbR,1QOlVmve,TKl2Hm5C,oCyiD5vZ,gQZ08b43,iVxhJDxX
UMC0ZmlU,JeHuAG8K,wOWMIeKs,8psVXESa,SS9HI9J0,Up95E5Lj
cDwPQnc9,VpZ2SmsC,M6XOMDXQ,l9GxUk0s,77dKquKi,5Fv3mUhv
8gAPB384,oYHYrYoQ,mWOUCxQE,7PgsRxYc,bGuSmYCA,U42DUpOE
XCiqIfPX,WVLcc94F,04muN84R,Q2w05EHQ,Ba9EhbS0,wIwqGOnz
q6tKatDo,80VJP2rP,pzm6Ib61,1JS1J3VB,0FrqdWt9,L48UTP4D
NTvwO6Bi,1qBKvvOU,H1UTsjeu,rYGwSwqQ,YfagldnS,YFneVVX0
oS7mtVZY,24XafJXu,Of58Quip,KouRAYlk,ZJ61urNd,x7f7rcbk
AIoSCvvp,67NyDl1J,pYz7J9wz,GZ0rgb9F,4MoNnn6j,ALz8YcXV
k5sETydj,bLxnwvqe,cC3THwFV,1HW1auxe,hgYzSnL6,YtMt572s
TdKDDNbs,TIdOkCqW,iZfhMXU5,8bGd2Gpn,vnMoevY7,RTjiCLrv
ThrJ9VVt,CHlr3qBe,Nt5mjvLC,n01VxJPZ,kXaPIENf,pqp59feN
XCmy2a6W,QzdQhep2,mPZsx5wr,JM7LiDtW,tEJPizZy,ART21cY4
eIHGDLDa,MTjynJFp,m1JvqBnK,y7g03KDo,1LXnyMIf,HYC9IJqa
lKTZfCee,Vz4pDXdw,iq9l9Kl5,TwrhWjdI,9OTArNEo,55OQAD89
TOXpLlvU,tLF96qRG,CGVqINN1,54XrHcKi,yTVCvQ1h,YNTuJ6SN
IEHgcHZ8,3CoOkOnq,5OewmDr9,f795M2to,Ymd8GEor,aM1NxS7j
dL3MkhG7,RLoCaP9j,bnbHpPy1,yJ9QFw9f,IFYolz2G,iWu4banB
MsSg853v,2bIseAcF,aEreXeXX,WrSH2qOp,xkndJPlG,iBSD2qkg
RGoZ2VFd,2gaf3oPK,KIITGvyb,6CXUZ8PM,SgQMf9Y6,ebgT3UXO
SBRYhE7i,7X2SH6L7,WpzjBgEn,mD5yPtSp,PHCuSfhp,93NtnI9M
tpP0RIil,Tu6sDuSq,gCqppnrM,g1Psyx3m,3C2RitvK,Zx2JLEH6
ZBfngh6D,wNGIfoYh,mBlaxDJj,mexLeuG3,2HCUfkKj,tVVPwNSV
l52lL2Nl,nGjkRCG1,t6b7girG,dIwCOWTb,L2dbfX89,bAJbdxSr
tiOwhp9a,TIvz8cSh,fHvl2mo2,K2kLqw3C,2bOjT9qu,3PNAdNwd
z1QXDFEO,hD7U4uSp,Lnk70Crh,kCv61kfb,wxmbxmij,dyfRZwlM
g3RVaWbd,FrmsXEUB,hGT654TQ,bLgw6I3W,Lnoq6SQL,pIk26l8m
LUjSW4Go,jMuC0f74,odwHXFqZ,X86ruTz2,7obf6W0D,fZDpncdn
D4JcFBoY,udrC4Vlh,4CVzhMu1,5drmrr8J,mjFAT4JA,3lhDSQtr
IOc4nS8Z,eIJqnNpm,5Tno3zqV,vrX87P1x,vZ3ihTbF,jKNOLJ7E
hUAGi2xH,3S14kQzZ,gpzG7JO9,VXXgppfW,jh59q1gB,b7CLvRFE
ioxMlgqX,jQu8IW0a,aXR2ccNZ,RyM8fTxS,wMu7kfAq,s72jn602
DnoyMx61,Tt1IGTc4,ALNgE5v1,hNgN7fLv,XDr3vQTD,WC9u4ZCV
lSnBKal1,a5eFGVIf,6bGQTpRI,SD6zEIfK,vkyNRUKV,Zf7QZVFV
QHte9UlB,7UlNOlV9,AzbyOYGx,Lg9z0dco,CFO61dLD,t7ZhYwO8
QqZJrIAX,hxN2FE3j,w9zd1kJk,vBPp10Hk,aJfhpftd,mpQrdzBP
KI6hBb11,Vw5D335t,Gltyr8j1,psgavTy5,CzdTR35r,PsWKPORB
1xIk7nQ6,XIcoQRta,BzNMTDnF,YuRS1svW,zmJOAQfx,4euNxROz
8Q3WibGB,P6GPEvKc,RZ9JLfHG,xUtlE0S4,ptGPPEHn,AYLEMqzP
5pNtnJJe,CJkEUaQe,8SlSfgBu,A8et8YQ1,nutHG7NZ,c1miSCrQ
EZ1VLosQ,AHVCJT3u,nTSwGKIl,bMT08Fsb,SieOdVdH,78SGtKqh
AxQnhcss,BUzD55xw,OtOxds53,6Aqaevb5,Obtvmmi2,VFMWmshh
woqgc5Bj,VWQC1KhY,W54IXTjj,nNdOzGyq,nE3d3Sgs,wXFI5Bmz
UZNgfd0Q,JXmpEjbR,rHTSpqNQ,PkPzIrpi,OlGqoMZV,XoqZaaTB
XXhJ68LA,2doJ2sMG,zqMGGlhZ,Nrxwju49,iofr8ljn,c8Du1jFL
oeibtpsq,Oz6yolKa,hd3QPcEp,HYCM0T2i,kYEHyi5w,YsiqXQoS
OmIi3t5f,POU3xHFZ,UAhk6LPp,yU4S46IG,nyQIj52o,EV3fbYrx
ayr6uegS,8oKxNohq,htPdXLLI,vJjMGLv7,AXH1aPUn,lryM4d5l
xoexJnOX,oDMas907,BF9Mti0w,b3nws3Gm,eCIkOxTL,06ZWIT9e
7mKoFZre,7BWnQBsL,sUZvurqm,qGTLeGKm,XG8NHsux,pcLf9eVX
nfWBOPAO,UzVOxC57,4vFE4gMy,iOgAb9mf,BAmsORso,flcZLPam
IBIjj7o9,Wb35bY6Z,2mzz1T6u,RuzLWWMf,f9ioj5B1,AJXDZG2F
aBJ7dHPD,SWtNAn40,brVLORqc,Q9FYqRwz,B3AdAGue,8IF9UOsd
BIY3fzR7,XBF0JRYc,CU8Yg9tG,v4lU2vaN,dyRurX4n,s46Tn0Qp
hAoQhHgy,ZwkCddiO,Or4TreF8,y62iPsf1,jXfMpWNy,LbYqz1o7
xqLev8Ca,AJRTiCre,jaUQlLVI,rkUE3zRX,fWALFale,XTd1RZ5a
vUa9KwuW,JypxPNx9,EFBoiB9H,AmDuSYNc,lzTqPGca,gszgyysw
Xct7NGVn,QEz5gFY1,AUnKgjtS,zOy7f7YT,9aWfZYgW,zByiPMF2
MHRonHs1,b61EzLNG,EtgwqoLt,hsT0tHNt,zhtNCk89,zLOpCj1B
A2f37ckL,CfvtWFNE,dcAKBFdA,HJmlJxNP,GAxzJle3,QuoFGM2n
qFF5yM8x,HctMbUMj,Q2Ym0qkU,KF3YAQtN,0ZzPad8u,RM9Wb6Zz
eeKD1sgJ,BdguVWww,qvkBaK2q,RNNhPioX,V7r8VAj1,s84HdTo4
nlvbxYSa,4ybVPw4n,DBU0YViq,ujN8s2zc,t8GFtHQH,cB50FIIb
Hf5K6YhZ,PUzYLxgC,j0p17ZbM,q6jaB6tC,5pjfEkNt,7SfOyeJi
LDheiPvM,WJQGkMDL,F41XChY4,Tx2ZpL1C,bCEhNHyu,U6pRFrTM
VwBqSwkO,St3Sp4kx,6FvtO5l0,hbDHLSG1,HF6HyHtb,FdGDQVHE
xkYYpthb,L8oEVLQX,Y8Mxsw2w,5Mw5HyTm,vItd96Jp,sVJg69hJ
Lk1LlbZ1,xCrE9waT,VtDx9z8Y,ZXABTYUb,9Dkeb4ny,TYPWSGxC
Jv1ss2K6,6iItUZ6Q,7uSN8qku,SHzoTj4N,1vtpgqbT,41woct8z
OWPrDobE,QZKAJc5L,O1das7ug,8hZyqF6v,RhOhkaZW,091YzAVL
r36Sknzy,iHL8aMDJ,p5fG58Pu,p7Rez9Vy,nq9qGHra,BvExeafW
jtMZNo4e,vDm1xReq,JP3Nj7OO,Ke7fH0WY,xMMH7fuW,1SkyYoWG
8OfhUuiU,lOzWORog,RNwyCunT,ycGG2e2Y,YomPj2Zb,04KQFNvx
G3ATqUN6,Cw4TrtjD,oZbqXG27,7LF0we86,O5IIJXkG,hx4SBTXj
91Cc7OZB,isAE3Npy,Ow85gSyd,VyAECL8g,k4B6hjsD,PudYsVYt
ZSLcLpsY,JU6Vf24r,dW0xeov5,Y92oJCP2,6S5rOzme,59ODecta
3fmummBK,cBAaR1Fa,x80AbIXC,hAD2ee39,J9sy5ii6,cr8bhsS3
jf7mSy61,HJCvsdkM,iVC8NqDx,3KYjMKkk,UecMuP5K,57QjIDMZ
y9Hul7EX,zWiqHKTR,WPscfkuJ,rhJmIIZT,7xEkTaI9,c2vtyaa9
PyVMfiSf,lKX4hJjY,WU4YbQsH,Swv0QjYN,SUWGciUj,x36Dn0Rf
0k0Z0h1u,Ats7sY5s,q6HV9bE8,kpmfLgBI,rfZWTmtV,TX6vmbYj
voz1dUax,FStc41fw,W0W2YVsb,ehBkQneh,W47eOcKP,HyzsYhMq
kxKioLmO,vG7ElhDR,LMxuYahu,BiDjZw91,BpwrlQPG,ZOP7xbEu
3fXINBGO,G6MYxk7w,uws9nr1w,xqjs0iGu,iMw7zwFa,kiNCuijb
KplrO5Lk,uxw9r75W,3RXoAl8a,GcrGR9Zf,GhMsWFsH,u8xROcuh
O9ZVhmUP,CTopI3hD,pA3SittT,RLdCs45U,HdLnkEI3,YFtu2YeL
XU8YY5eK,4xo6So4z,PpFwK1vm,zgekioT9,rQQK6i9L,66J1KFe5
hN7EeOaN,ut5r7wrl,h49a5Ty4,COAXw6zZ,o1o82BRi,VdewL19n
t5BQ9iFz,40iEB06k,U5ybjIFh,raYxNrFJ,fh6OCn56,fRhZmzSf
xZGckTR8,D8UhtiAL,Zo2w1KBX,beAxmaiF,HTpFbrrg,ppnB2bqE
pGYUVKpG,mv609GbM,PpE7tQtc,9BnjqoqN,SeBnGXEM,UcEPQHHi
8GKcgbkh,EILp3wVt,D843NvCL,WDhdbupB,4DYtcZuc,8Ou1sfH4
eExxwThv,qhYg88cT,G9m5VjE0,YjmcWmCe,3sFljFi8,l5MXNUR2
9niMNabp,OFpFsGos,f0rtpEtt,49dxWx1a,A90JZzXR,aX5iXVR5
LDCvuEwI,J7j5Jxr6,nzxJNAI7,8K7x82wb,1NYwzk5v,dPJFv7ga
hc1OAu5P,bfbs1GjF,4eOpHRyP,QNQkbc2a,rgkGHRVy,UE08FzE3
JIgZyUgg,ZvJDBuda,KI8QVpg4,3NTI57JB,qEaMgfMc,IXMoCF49
uFBlN7JA,eLmNcnvO,4V4q7JQP,KCSlw6S9,bTV9qvZD,dyy881IU
pioImRT1,E93UqPJX,PuzVrcrX,FvHCLNJC,h8fkL6E4,KgDKbkxJ
eNaYAe0M,yoBEySNf,MvIEtHwS,ekWhfZPe,7Vv0rkIo,cfFr8yRj
73Nn65y7,Ml8ZbTHP,4wIFWIYc,2qryWuk9,U8IriedP,YOUapPwX
syqC9vPv,iEsD8zyl,qq9wtfRm,IbP2KGOP,xPMD1ZGq,braaE3W5
LfXiGc8I,kd1AF3A3,SQUBaBKX,b2hMKYR5,AJzJaqha,FpJhCs01
yaj74t5O,Ix5CZp9o,aLpmj0GO,k7yEY7wR,SFsMyUoq,0H3jzbdG
xeQ945h8,wPsDxeCK,u4VqDvQ1,Jvyq5drA,C6x7LDo8,nYRW4fzr
kXYIj7ds,pkqphvHY,rSWD5AaV,Bwqe7NMB,u2gsgT2S,Y4MVwJLx
8DnCfGO4,oJQhlhRy,jZUOeH6C,1Y8yKJVC,aZq998lM,MVMyZ2xe
dZghvyFF,rQ2NgKza,3BB84Sh9,lFWZcOMD,nxZspAJj,qVWP5p8e
vwTCmfPn,R2jheprW,ppiAQopg,eU08M17P,Ooiyj78W,PyhgHnNh
0j8OUh5t,lgxYfwtp,JWM7CFwk,Dz7TS1Ie,zIvZag4T,PO3Vi10m
HptXboAG,NRYm9nF1,QlxzP8Jw,xugP0R1o,dEGXrwdQ,hQRcvU3O
D7CdrVfU,ueO4UQ2N,SFrsdW2y,UhPrJc75,t1uzso71,RA5vFA9R
eqOoaauq,EDymA5Kh,01pjQRRf,Nc2qRIUM,jALunt8Z,3sTWZmKl
UjZ2a5yI,pEgaWlr3,VbvNmSG7,8trDM2RZ,yF4qIyFx,RV1wsupd
WwZDPwI9,Bc1wftcv,1lqxLdbI,rJDbpe7x,sggtaCmB,gSLJZzZ2
mvHI5qSJ,8cHnqlCp,3ZzR1wH6,qh9X8v6L,ONwkPmjE,Ms8JReKj
aMYjsFU6,t8qvI8Rr,XX5EuekU,YjGDvyph,oMiWielz,j1U4DTf4
Us8EMMwF,bNTrTo2U,ZhQMhhUP,dn3tcsN8,zI1DIsMP,FLIw5NoX
tSY5wq9d,Y8qsZK06,SrHYuZma,6UhtVhBC,zbgWbHJE,PwwVl74R
OsS3L1Mg,to7KzkSz,yaO5W3pH,uWSFvcpc,GUo8xgU1,lw7NWdq3
pdkqa09g,5pvYByaN,LmYfNqLW,MiUe9pmn,CRqj2f86,QUBIFiV8
XAnYXIZt,PQy5wZ8F,vZXd6E2K,aVhAd1aA,yErodJW3,Qk63heGi
0vkEEVNl,o9AxoSra,yui341FW,mIHZiYNW,KpvOfBR9,FnDS4Cwc
IDWGuRn8,edKARyQa,ChoIdRTC,ScrRen0H,4kHTIifa,jViwT6xo
64WX1s3W,ZH1U63w0,IkcXwGcI,CSQlbVn2,cGG3UBwu,htiZnYgU
5iozNpnZ,v2Fqme0d,98bP67KN,nBY4OqV0,Ljlv5h2L,JputZpe0
LIxA3gda,9QMMGK2P,NEeqZQWN,KrzglA0e,hjRpK2sM,Ul8H8Wci
D76ggCMv,RobrWwqM,VZ5Q6J3G,TCHx7xo5,OnmC7uyj,8YnmdphT
AQhZ0bJx,Hi9sOcAS,o1fSFPGX,I1GlyAaT,5qajWDCl,EFkOnjYh
5W3kDdPQ,ilgVPEsM,V1zWBg7S,RG9jsThu,l0rAtTUF,IsVVY3sy
e6k1tavX,RH7zHs9q,RK8x7I6c,WBJpLRJ5,lAw9AntY,alz2UNqi
pQzzaGKz,S6agoEw3,UTZJLc9t,iYN9XQFW,tVxEc5pm,dP6w3l3w
4NikQiDU,aBhQSPGM,Px7vNLJd,WnlsjhJs,MygrfIJF,kFTO4402
Sk8tEdOm,4OF15cq2,WooarUJQ,aIqcGKua,qyFrAjFf,lA8tfuSw
cS7Imgm6,9Q07rXgn,w7a9vBn9,WucbOX9v,dw9Umnds,2vlxs0gE
ONRIX27M,lXKvxEGa,qRFpzLPJ,vMggMnP9,AwvfbH11,6pRzgUGI
w3F9dodO,ntgforIi,XLbhOXAA,m1AI41DI,Rt0cMtLB,xvv6P2KY
5mlvKaQg,P6LdqwOR,hU6mTLie,stMsCRO6,vTPlIj65,vYXcsvhE
ZkDulz0c,ujKyyUWP,AeW0kRFN,YN0PzeL6,MvpEl2Ch,25t0yvzd
iOwv3vtD,akvMSjQt,IkoGwKr5,hVaUTS0C,wbpXvkyA,YSwrQ5Xa
WD5sFBu0,Epy3cKcI,ACbuV6cY,eBlcRSGO,L6UfkYVV,xAUZQi1p
YwMIXYyy,Hb0qNLNg,ULek1SMK,VY7gi7g9,Oa9zeRb8,OxTVRRL9
qunHnDfc,PBq2aE94,l4nwNQnA,XwqLIGEG,t24Y1eKo,ZGMfVPm9
PIic0bd1,EG7kheCo,ff2RagMq,jAUAhwXt,wfHcDAcs,pyut6Zpa
CEJVFtQO,Id9xcTTf,qIrebf5b,AfTc1OU0,GV2vfs5p,iEfJ0ZaI
7gfaA4R1,oBGPZLXi,57pmRr4i,qgSqPBMJ,LI7aLZQd,7Jo33nF7
1ISCKP8g,UXmvZqYH,m0jvKxJH,fmsxfJku,yBMT7P2L,MldZ6slv
okU7TO9h,gUyh2USB,s1kE4YVI,RaoZK2La,lEyNZozw,3UDvl1LB
LKReVtLJ,frpGznRI,pwrPb6Y6,knGgzmRE,Gs9HcbDt,fIU6YmkO
bl7OdRCN,axgGOtjo,WJ04p4vn,pYP37a7z,WiwBSgHK,sFLDHRuv
LYuhluiy,dyFh8VAg,VyJ6wluC,r7PNVx0O,zd0puhM0,SWUrFaKZ
DgQMHhhA,YF1yOHDC,Imgo6CkC,DoXxwTd9,Qe7pSNgQ,LVSLNXj7
gHj8caOg,0BKNjw2M,rq9wEsBj,3LUkngRm,sKhr3Sch,1YjXVdlN
sDt3Rapu,MZCyufaZ,OOglKKPr,ggSlgyOt,EXkOFvel,619hyVly
y0BVFVCg,4oqrPy6E,6B70z06A,2K2eCRNJ,eRQZDlfM,aPNAECtU
gZ7CSV5I,bmYM9xPA,DO1YdQtP,1Ay89MCF,ARX0dqbi,XwOPYJv7
ukcoCPGP,8xP81kon,JlsD1wY5,iDqQ9IiI,dUkr7StR,UPthPxvQ
sCLsu6VP,N0vFx9zM,ZkgBHDpF,HKapf9Kl,borPbmA5,rncJqmtB
jZKhFr46,Mmwz0HIL,QyLXbsLg,pmqEX5yX,z2a8db8G,BnmpVcLq
LfaaDs6p,nMFE9ZZr,jBtA45eF,5NKGHA7s,nFxRQtY8,6tq9lieR
myYQ62v6,PmkwKvMm,pJmAfN2d,32RJomdx,j2N22xl7,2uhbX9Rk
SFB354TB,JVzNg0sj,tkPPW6sn,EuRlKU8t,Sks3IdKB,UrCsLY0Z
1V9YiOiF,kfgFYjVg,cTwV76Nf,yAO9eShs,MyF9XyUf,y8XZQiMa
Cst92ikc,dCucZhyu,E7PXIxGj,LS3g8r7V,RZdoHpjg,o5XVPYjL
uKPEUMFF,YpTzHUWP,mRZpq8ze,Re7DkGuf,1eZpa2T8,CMTeOOiN
cVANcMNn,lZhiGzV0,lLqKn4wa,DsIBjxP1,cVTBSjoO,So2X7tMs
5PeXkKQo,D8Lm2EaM,URDYnAbd,5cDz1yiV,18MFNPJk,XTjpeaPl
SI69MvqG,74LCP78w,0MzRBO3w,H9FmokBN,eBgGHGSE,Sek9swA6
n9IVwXWR,k0eaZWSp,c6unkpt6,5mJ3nq4I,AQJiqF48,njxNoShj
Dj74Invs,YcPmbwCk,cXFvutnV,ebv1d5Wr,8Shp5fXF,vx58KwId
m6bi6FsL,jxdEjkKt,r5ONSHhY,NCcdFOv3,ZwoxdBr4,QBxkarie
KLg1UP3A,NQUoQ9NL,47k1uHKk,KBRKvNrI,6XDI7V2p,s0LTpLab
xqwVTvDk,ksYH75Rm,hwJ8Jhak,PRsZjj3I,JH5NsBIk,waohrQFs
CA1QsZXy,A59QB9IX,CEa0UlQn,qL0UJqVf,VliYLHyZ,spjjEkvv
nVzJ6oV1,bzMD8pC0,fNDqPmIc,czwjhHDf,ahud26kj,t77zQVsR
4doXwNAe,QQ14EBu8,qqRlr0SQ,Fm3fRS4f,JCTFeiAi,8FtkHcj9
VDrJsNcJ,5ZfblDVg,f2ZOzaZ8,kkghOtmX,Bjv8ym4h,cToeCIaL
QQk3sBCo,6TU7kgC2,rUaHjGfT,2V0d1VME,pzgK5z7q,FjprNZC8
by248o4j,zxg9mhrp,axJf2EKj,5rp1bPcK,G77nMTkH,hSpKSBGA
wcvkZGha,Z8YW8uAl,6mfhrX2j,b2BpCtSK,M7FXk9rm,SO8rxcG3
C9tjBFL2,rs4SYDS4,oVlM6AcP,naoSTvOh,MPDgn6n8,6qUUWgYk
4gjhJapf,fIs1mjTg,FsVxueUV,ohOYF2E2,pWTGK3vp,qPH8eZde
iRnxboN9,iddIijRP,HNOfVRA2,PEtNrRqk,Jdwmsuba,7UE0et3D
9DMN387S,1dqEldsa,PPtITGVV,9EFskTRV,z09mTj9U,BlTccKVD
i3SnhXFH,sYmN6eli,JaeM7ivQ,iMsl8HU8,rR5K7xUG,Kn02hQZN
Yst50gpA,cLc4Qw0h,YwseVEcx,zfqR2tL4,QrmV2gBB,UeokJxlh
HqUqbng8,cP13Byx3,fsUlG501,1cejeOk5,wZa73RL8,n2H0Ai6B
0PbQGJ7G,Ey5xGI1P,CHcOeEDr,UQh0LbbL,wxwJQXt8,pWTyMiSD
WfNTnbp9,O2uOzq1O,UCnRYn1z,cHuWchHM,3qtAfKnP,poFtHQa0
9mA0WECy,ygIlPKFJ,O2Z0ijn9,bhxVibaY,HCFTMr3q,MjRgRJSx
hIny6j18,j2fXm8WP,RcuOKIVD,y5XaaWFE,Qux1zF1Y,5NZt3mU3
UEVsxZXM,Fy0pSwx4,mpyfbeng,J4MbJf70,u7J4MKdw,Yjqpg3PV
SV2jTIfD,XtGACHwu,Iio98WAQ,niKeYeXW,9GlZIorN,EnpNduwU
r9xq3dWj,ZuPVBYXs,4C4y6sTi,2YihufRS,Nqw9CA9M,1wlmwDbT
9PKHc901,4SE0cgIP,ECbNzfVb,HtxuRPaW,ayc7aUJH,gvYkLskP
VZfNaXfr,pMqzRhsJ,eOJA4Efq,TJp7nvcC,QOqG2Brh,Dy2KRymb
z15NW7Yl,emo3xtRQ,SFaLiBpO,h1A7QzFC,jCwDW1RV,5YCCtzGl
s7v8EbbT,gRMY35WS,Z125YD1W,K31sR8ge,welAk6ck,S1jNBCXn
pHfELIBf,L5G9ORM6,qO5TRJnw,DTm3583m,XeDoa9Pe,sWWjF0DE
rhPNYdA0,XYyxugqk,8MlPTBZn,bawtx624,t7SfEgpm,BbfxNKOn
Ejw3I7rs,6e6CnnSF,d5pz36K5,ZbX96fTE,DgFzpxOi,IHf7UYv3
ohdzwvUg,rjbpT1CD,PFAes3bG,6ByNA8qx,5XNiWoXw,JjgWasKR
enDxLRtm,5aSV2ERV,gM73LVN4,SicdRg9t,DCx9SdMj,9aWyg8Vf
zAYBMZgg,ouaCJ5zj,qbwAxvJG,Sm6Viakj,ahZxJB5F,QrttVINp
V0GHfjB7,WgN5RV7m,0mWwc6Iz,2j8dnHRV,FKJ7DtUR,w50qvAgJ
QH4vzMIN,Mhb2Hc7D,mx5qos6C,dpZ0iD7l,uBy8IdzK,ggZhHMYh
Lc59E4tu,n2RJxMcK,gCUTJiAu,dSkARPYx,Z6NLv6aP,89uUsE2h
ZkhXyCxr,zjEk3Lp4,qdwGJMLF,5rzWyE8g,djJlwMc1,zV7Lfc5f
m8oyP9vr,tCKWIZUy,ZAn0UhxR,myFYPyz8,oxpUYVdL,WTeQyO36 